Date,Low,High,Close,Open,Volume
,,,,,
,,,,,
,,,,,
,,,,,
,,,,,
,,,,,
,,,,,
20170327,1250,1250,1250,-,900
,,,,,
,,,,,
,,,,,
,,,,,
,,,,,
,,,,,
,,,,,
20170328,1250,1250,1250,1250,200
,,,,,
,,,,,
,,,,,
,,,,,
,,,,,
,,,,,
,,,,,
20170329,1250,1250,1250,1250,-
,,,,,
,,,,,
,,,,,
,,,,,
,,,,,
,,,,,
,,,,,
20170330,1250,1250,1250,1250,-
,,,,,
,,,,,
,,,,,
,,,,,
,,,,,
,,,,,
,,,,,
20170331,1250,1250,1250,1250,-
,,,,,
,,,,,
,,,,,
,,,,,
,,,,,
,,,,,
,,,,,
,,,,,
,,,,,
,,,,,
,,,,,
20170403,1235,1235,1235,1250,200
,,,,,
,,,,,
,,,,,
,,,,,
,,,,,
,,,,,
,,,,,
20170404,1253,1253,1253,1235,100
,,,,,
,,,,,
,,,,,
,,,,,
,,,,,
,,,,,
,,,,,
20170405,1253,1253,1253,1253,-
,,,,,
,,,,,
,,,,,
,,,,,
,,,,,
,,,,,
,,,,,
20170406,1253,1253,1253,1253,-
,,,,,
,,,,,
,,,,,
,,,,,
,,,,,
,,,,,
,,,,,
20170407,1253,1253,1253,1253,-
,,,,,
,,,,,
,,,,,
,,,,,
,,,,,
,,,,,
,,,,,
20170410,1253,1253,1253,1253,-
,,,,,
,,,,,
,,,,,
,,,,,
,,,,,
,,,,,
,,,,,
20170411,1253,1253,1253,1253,100
,,,,,
,,,,,
,,,,,
,,,,,
,,,,,
,,,,,
,,,,,
20170412,1253,1253,1253,1253,-
,,,,,
,,,,,
,,,,,
,,,,,
,,,,,
,,,,,
,,,,,
20170413,1253,1253,1253,1253,-
,,,,,
,,,,,
,,,,,
,,,,,
,,,,,
,,,,,
,,,,,
20170418,1253,1253,1253,1253,-
,,,,,
,,,,,
,,,,,
,,,,,
,,,,,
,,,,,
,,,,,
20170419,1253,1253,1253,1253,-
,,,,,
,,,,,
,,,,,
,,,,,
,,,,,
,,,,,
,,,,,
20170420,1253,1253,1253,1253,-
,,,,,
,,,,,
,,,,,
,,,,,
,,,,,
,,,,,
,,,,,
20170421,1253,1253,1253,1253,-
,,,,,
,,,,,
,,,,,
,,,,,
,,,,,
,,,,,
,,,,,
20170424,1253,1253,1253,1253,-
,,,,,
,,,,,
,,,,,
,,,,,
,,,,,
,,,,,
,,,,,
20170425,1253,1253,1253,1253,-
,,,,,
,,,,,
,,,,,
,,,,,
,,,,,
,,,,,
,,,,,
20170426,1253,1253,1253,1253,-
,,,,,
,,,,,
,,,,,
,,,,,
,,,,,
,,,,,
,,,,,
20170427,1253,1253,1253,1253,-
,,,,,
,,,,,
,,,,,
,,,,,
,,,,,
,,,,,
,,,,,
20170428,1253,1253,1253,1253,-
,,,,,
,,,,,
,,,,,
,,,,,
,,,,,
,,,,,
,,,,,
,,,,,
,,,,,
,,,,,
,,,,,
20170502,1253,1253,1253,1253,-
,,,,,
,,,,,
,,,,,
,,,,,
,,,,,
,,,,,
,,,,,
20170503,1246,1246,1246,1253,100
,,,,,
,,,,,
,,,,,
,,,,,
,,,,,
,,,,,
,,,,,
20170504,1246,1246,1246,1253,100
,,,,,
,,,,,
,,,,,
,,,,,
,,,,,
,,,,,
,,,,,
20170505,1246,1246,1246,1246,-
,,,,,
,,,,,
,,,,,
,,,,,
,,,,,
,,,,,
,,,,,
20170508,1246,1246,1246,1246,-
,,,,,
,,,,,
,,,,,
,,,,,
,,,,,
,,,,,
,,,,,
20170509,1246,1246,1246,1246,-
,,,,,
,,,,,
,,,,,
,,,,,
,,,,,
,,,,,
,,,,,
20170510,1246,1246,1246,1246,-
,,,,,
,,,,,
,,,,,
,,,,,
,,,,,
,,,,,
,,,,,
20170511,1246,1246,1246,1246,-
,,,,,
,,,,,
,,,,,
,,,,,
,,,,,
,,,,,
,,,,,
20170512,1246,1246,1246,1246,-
,,,,,
,,,,,
,,,,,
,,,,,
,,,,,
,,,,,
,,,,,
20170515,1246,1246,1246,1246,-
,,,,,
,,,,,
,,,,,
,,,,,
,,,,,
,,,,,
,,,,,
20170516,1246,1246,1246,1246,-
,,,,,
,,,,,
,,,,,
,,,,,
,,,,,
,,,,,
,,,,,
20170517,1246,1246,1246,1246,-
,,,,,
,,,,,
,,,,,
,,,,,
,,,,,
,,,,,
,,,,,
20170518,1246,1246,1246,1246,-
,,,,,
,,,,,
,,,,,
,,,,,
,,,,,
,,,,,
,,,,,
20170519,1246,1246,1246,1246,-
,,,,,
,,,,,
,,,,,
,,,,,
,,,,,
,,,,,
,,,,,
20170522,1246,1246,1246,1246,-
,,,,,
,,,,,
,,,,,
,,,,,
,,,,,
,,,,,
,,,,,
20170523,1246,1246,1246,1246,-
,,,,,
,,,,,
,,,,,
,,,,,
,,,,,
,,,,,
,,,,,
20170524,1246,1246,1246,1246,-
,,,,,
,,,,,
,,,,,
,,,,,
,,,,,
,,,,,
,,,,,
20170525,1246,1246,1246,1246,-
,,,,,
,,,,,
,,,,,
,,,,,
,,,,,
,,,,,
,,,,,
20170526,1246,1246,1246,1246,-
,,,,,
,,,,,
,,,,,
,,,,,
,,,,,
,,,,,
,,,,,
20170529,1246,1246,1246,1246,-
,,,,,
,,,,,
,,,,,
,,,,,
,,,,,
,,,,,
,,,,,
20170530,1246,1246,1246,1246,-
,,,,,
,,,,,
,,,,,
,,,,,
,,,,,
,,,,,
,,,,,
20170531,1246,1246,1246,1246,-
,,,,,
,,,,,
,,,,,
,,,,,
,,,,,
,,,,,
,,,,,
,,,,,
,,,,,
,,,,,
,,,,,
20170602,1246,1246,1246,1246,-
,,,,,
,,,,,
,,,,,
,,,,,
,,,,,
,,,,,
,,,,,
20170605,1246,1246,1246,1246,-
,,,,,
,,,,,
,,,,,
,,,,,
,,,,,
,,,,,
,,,,,
20170606,1246,1246,1246,1246,-
,,,,,
,,,,,
,,,,,
,,,,,
,,,,,
,,,,,
,,,,,
20170607,1246,1246,1246,1246,-
,,,,,
,,,,,
,,,,,
,,,,,
,,,,,
,,,,,
,,,,,
20170608,1246,1246,1246,1246,-
,,,,,
,,,,,
,,,,,
,,,,,
,,,,,
,,,,,
,,,,,
20170609,1246,1246,1246,1246,-
,,,,,
,,,,,
,,,,,
,,,,,
,,,,,
,,,,,
,,,,,
20170612,1246,1246,1246,1246,-
,,,,,
,,,,,
,,,,,
,,,,,
,,,,,
,,,,,
,,,,,
20170613,1246,1246,1246,1246,-
,,,,,
,,,,,
,,,,,
,,,,,
,,,,,
,,,,,
,,,,,
20170614,1246,1246,1246,1246,-
,,,,,
,,,,,
,,,,,
,,,,,
,,,,,
,,,,,
,,,,,
20170615,1246,1246,1246,1246,-
,,,,,
,,,,,
,,,,,
,,,,,
,,,,,
,,,,,
,,,,,
20170616,1246,1246,1246,1246,-
,,,,,
,,,,,
,,,,,
,,,,,
,,,,,
,,,,,
,,,,,
20170619,1246,1246,1246,1246,-
,,,,,
,,,,,
,,,,,
,,,,,
,,,,,
,,,,,
,,,,,
20170620,1246,1246,1246,1246,-
,,,,,
,,,,,
,,,,,
,,,,,
,,,,,
,,,,,
,,,,,
20170621,1246,1246,1246,1246,-
,,,,,
,,,,,
,,,,,
,,,,,
,,,,,
,,,,,
,,,,,
20170622,1246,1246,1246,1246,-
,,,,,
,,,,,
,,,,,
,,,,,
,,,,,
,,,,,
,,,,,
20170623,1246,1246,1246,1246,-
,,,,,
,,,,,
,,,,,
,,,,,
,,,,,
,,,,,
,,,,,
20170626,1246,1246,1246,1246,-
,,,,,
,,,,,
,,,,,
,,,,,
,,,,,
,,,,,
,,,,,
20170627,1246,1246,1246,1246,-
,,,,,
,,,,,
,,,,,
,,,,,
,,,,,
,,,,,
,,,,,
20170628,1246,1246,1246,1246,-
,,,,,
,,,,,
,,,,,
,,,,,
,,,,,
,,,,,
,,,,,
20170629,1246,1246,1246,1246,-
,,,,,
,,,,,
,,,,,
,,,,,
,,,,,
,,,,,
,,,,,
20170630,1246,1246,1246,1246,-
,,,,,
,,,,,
,,,,,
,,,,,
,,,,,
,,,,,
,,,,,
,,,,,
,,,,,
,,,,,
,,,,,
20170703,1246,1246,1246,1246,-
,,,,,
,,,,,
,,,,,
,,,,,
,,,,,
,,,,,
,,,,,
20170704,1246,1246,1246,1246,-
,,,,,
,,,,,
,,,,,
,,,,,
,,,,,
,,,,,
,,,,,
20170705,1246,1246,1246,1246,-
,,,,,
,,,,,
,,,,,
,,,,,
,,,,,
,,,,,
,,,,,
20170706,1246,1246,1246,1246,-
,,,,,
,,,,,
,,,,,
,,,,,
,,,,,
,,,,,
,,,,,
20170707,1246,1246,1246,1246,-
,,,,,
,,,,,
,,,,,
,,,,,
,,,,,
,,,,,
,,,,,
20170710,1246,1246,1246,1246,-
,,,,,
,,,,,
,,,,,
,,,,,
,,,,,
,,,,,
,,,,,
20170711,1246,1246,1246,1246,-
,,,,,
,,,,,
,,,,,
,,,,,
,,,,,
,,,,,
,,,,,
20170712,1246,1246,1246,1246,-
,,,,,
,,,,,
,,,,,
,,,,,
,,,,,
,,,,,
,,,,,
20170713,1246,1246,1246,1246,-
,,,,,
,,,,,
,,,,,
,,,,,
,,,,,
,,,,,
,,,,,
20170714,1246,1246,1246,1246,-
,,,,,
,,,,,
,,,,,
,,,,,
,,,,,
,,,,,
,,,,,
20170717,1246,1246,1246,1246,-
,,,,,
,,,,,
,,,,,
,,,,,
,,,,,
,,,,,
,,,,,
20170718,1246,1246,1246,1246,-
,,,,,
,,,,,
,,,,,
,,,,,
,,,,,
,,,,,
,,,,,
20170719,1246,1246,1246,1246,-
,,,,,
,,,,,
,,,,,
,,,,,
,,,,,
,,,,,
,,,,,
20170720,1246,1246,1246,1246,-
,,,,,
,,,,,
,,,,,
,,,,,
,,,,,
,,,,,
,,,,,
20170721,1246,1246,1246,1246,-
,,,,,
,,,,,
,,,,,
,,,,,
,,,,,
,,,,,
,,,,,
20170724,1246,1246,1246,1246,-
,,,,,
,,,,,
,,,,,
,,,,,
,,,,,
,,,,,
,,,,,
20170725,1246,1246,1246,1246,-
,,,,,
,,,,,
,,,,,
,,,,,
,,,,,
,,,,,
,,,,,
20170726,1246,1246,1246,1246,-
,,,,,
,,,,,
,,,,,
,,,,,
,,,,,
,,,,,
,,,,,
20170727,1246,1246,1246,1246,-
,,,,,
,,,,,
,,,,,
,,,,,
,,,,,
,,,,,
,,,,,
20170728,1246,1246,1246,1246,-
,,,,,
,,,,,
,,,,,
,,,,,
,,,,,
,,,,,
,,,,,
20170731,1246,1246,1246,1246,-
,,,,,
,,,,,
,,,,,
,,,,,
,,,,,
,,,,,
,,,,,
,,,,,
,,,,,
,,,,,
,,,,,
20170801,1246,1246,1246,1246,-
,,,,,
,,,,,
,,,,,
,,,,,
,,,,,
,,,,,
,,,,,
20170802,1246,1246,1246,1246,-
,,,,,
,,,,,
,,,,,
,,,,,
,,,,,
,,,,,
,,,,,
20170803,1246,1246,1246,1246,-
,,,,,
,,,,,
,,,,,
,,,,,
,,,,,
,,,,,
,,,,,
20170804,1246,1246,1246,1246,-
,,,,,
,,,,,
,,,,,
,,,,,
,,,,,
,,,,,
,,,,,
20170807,1246,1246,1246,1246,-
,,,,,
,,,,,
,,,,,
,,,,,
,,,,,
,,,,,
,,,,,
20170808,1246,1246,1246,1246,-
,,,,,
,,,,,
,,,,,
,,,,,
,,,,,
,,,,,
,,,,,
20170809,1246,1246,1246,1246,-
,,,,,
,,,,,
,,,,,
,,,,,
,,,,,
,,,,,
,,,,,
20170810,1246,1246,1246,1246,-
,,,,,
,,,,,
,,,,,
,,,,,
,,,,,
,,,,,
,,,,,
20170811,1246,1246,1246,1246,-
,,,,,
,,,,,
,,,,,
,,,,,
,,,,,
,,,,,
,,,,,
20170814,1246,1246,1246,1246,-
,,,,,
,,,,,
,,,,,
,,,,,
,,,,,
,,,,,
,,,,,
20170815,1246,1246,1246,1246,-
,,,,,
,,,,,
,,,,,
,,,,,
,,,,,
,,,,,
,,,,,
20170816,1268,1268,1268,1246,8100
,,,,,
,,,,,
,,,,,
,,,,,
,,,,,
,,,,,
,,,,,
20170817,1268,1268,1268,1268,-
,,,,,
,,,,,
,,,,,
,,,,,
,,,,,
,,,,,
,,,,,
20170818,1268,1268,1268,1268,-
,,,,,
,,,,,
,,,,,
,,,,,
,,,,,
,,,,,
,,,,,
20170821,1268,1268,1268,1268,-
,,,,,
,,,,,
,,,,,
,,,,,
,,,,,
,,,,,
,,,,,
20170822,1268,1268,1268,1268,-
,,,,,
,,,,,
,,,,,
,,,,,
,,,,,
,,,,,
,,,,,
20170823,1268,1268,1268,1268,-
,,,,,
,,,,,
,,,,,
,,,,,
,,,,,
,,,,,
,,,,,
20170824,1268,1268,1268,1268,-
,,,,,
,,,,,
,,,,,
,,,,,
,,,,,
,,,,,
,,,,,
20170825,1268,1268,1268,1268,-
,,,,,
,,,,,
,,,,,
,,,,,
,,,,,
,,,,,
,,,,,
20170828,1268,1268,1268,1268,-
,,,,,
,,,,,
,,,,,
,,,,,
,,,,,
,,,,,
,,,,,
20170829,1268,1268,1268,1268,-
,,,,,
,,,,,
,,,,,
,,,,,
,,,,,
,,,,,
,,,,,
20170830,1268,1268,1268,1268,-
,,,,,
,,,,,
,,,,,
,,,,,
,,,,,
,,,,,
,,,,,
20170831,1268,1268,1268,1268,-
,,,,,
,,,,,
,,,,,
,,,,,
,,,,,
,,,,,
,,,,,
,,,,,
,,,,,
,,,,,
,,,,,
20170901,1268,1268,1268,1268,-
,,,,,
,,,,,
,,,,,
,,,,,
,,,,,
,,,,,
,,,,,
20170904,1268,1268,1268,1268,-
,,,,,
,,,,,
,,,,,
,,,,,
,,,,,
,,,,,
,,,,,
20170905,1268,1268,1268,1268,-
,,,,,
,,,,,
,,,,,
,,,,,
,,,,,
,,,,,
,,,,,
20170906,1268,1268,1268,1268,-
,,,,,
,,,,,
,,,,,
,,,,,
,,,,,
,,,,,
,,,,,
20170907,1268,1268,1268,1268,-
,,,,,
,,,,,
,,,,,
,,,,,
,,,,,
,,,,,
,,,,,
20170908,1268,1268,1268,1268,-
,,,,,
,,,,,
,,,,,
,,,,,
,,,,,
,,,,,
,,,,,
20170911,1268,1268,1268,1268,-
,,,,,
,,,,,
,,,,,
,,,,,
,,,,,
,,,,,
,,,,,
20170912,1268,1268,1268,1268,-
,,,,,
,,,,,
,,,,,
,,,,,
,,,,,
,,,,,
,,,,,
20170913,1268,1268,1268,1268,-
,,,,,
,,,,,
,,,,,
,,,,,
,,,,,
,,,,,
,,,,,
20170914,1268,1268,1268,1268,-
,,,,,
,,,,,
,,,,,
,,,,,
,,,,,
,,,,,
,,,,,
20170915,1268,1268,1268,1268,-
,,,,,
,,,,,
,,,,,
,,,,,
,,,,,
,,,,,
,,,,,
20170918,1268,1268,1268,1268,-
,,,,,
,,,,,
,,,,,
,,,,,
,,,,,
,,,,,
,,,,,
20170919,1268,1268,1268,1268,-
,,,,,
,,,,,
,,,,,
,,,,,
,,,,,
,,,,,
,,,,,
20170920,1268,1268,1268,1268,-
,,,,,
,,,,,
,,,,,
,,,,,
,,,,,
,,,,,
,,,,,
20170921,1268,1268,1268,1268,-
,,,,,
,,,,,
,,,,,
,,,,,
,,,,,
,,,,,
,,,,,
20170922,1268,1268,1268,1268,-
,,,,,
,,,,,
,,,,,
,,,,,
,,,,,
,,,,,
,,,,,
20170925,1268,1268,1268,1268,-
,,,,,
,,,,,
,,,,,
,,,,,
,,,,,
,,,,,
,,,,,
20170926,1268,1268,1268,1268,-
,,,,,
,,,,,
,,,,,
,,,,,
,,,,,
,,,,,
,,,,,
20170927,1268,1268,1268,1268,-
,,,,,
,,,,,
,,,,,
,,,,,
,,,,,
,,,,,
,,,,,
20170928,1268,1268,1268,1268,-
,,,,,
,,,,,
,,,,,
,,,,,
,,,,,
,,,,,
,,,,,
20170929,1268,1268,1268,1268,-
,,,,,
,,,,,
,,,,,
,,,,,
,,,,,
,,,,,
,,,,,
,,,,,
,,,,,
,,,,,
,,,,,
20171002,1268,1268,1268,1268,-
,,,,,
,,,,,
,,,,,
,,,,,
,,,,,
,,,,,
,,,,,
20171003,1268,1268,1268,1268,-
,,,,,
,,,,,
,,,,,
,,,,,
,,,,,
,,,,,
,,,,,
20171004,1268,1268,1268,1268,-
,,,,,
,,,,,
,,,,,
,,,,,
,,,,,
,,,,,
,,,,,
20171005,1268,1268,1268,1268,-
,,,,,
,,,,,
,,,,,
,,,,,
,,,,,
,,,,,
,,,,,
20171006,1268,1268,1268,1268,-
,,,,,
,,,,,
,,,,,
,,,,,
,,,,,
,,,,,
,,,,,
20171009,1268,1268,1268,1268,-
,,,,,
,,,,,
,,,,,
,,,,,
,,,,,
,,,,,
,,,,,
20171010,1268,1268,1268,1268,-
,,,,,
,,,,,
,,,,,
,,,,,
,,,,,
,,,,,
,,,,,
20171011,1268,1268,1268,1268,-
,,,,,
,,,,,
,,,,,
,,,,,
,,,,,
,,,,,
,,,,,
20171012,1268,1268,1268,1268,-
,,,,,
,,,,,
,,,,,
,,,,,
,,,,,
,,,,,
,,,,,
20171013,1268,1268,1268,1268,-
,,,,,
,,,,,
,,,,,
,,,,,
,,,,,
,,,,,
,,,,,
20171016,1265,1265,1265,1268,100
,,,,,
,,,,,
,,,,,
,,,,,
,,,,,
,,,,,
,,,,,
20171017,1265,1265,1265,1265,-
,,,,,
,,,,,
,,,,,
,,,,,
,,,,,
,,,,,
,,,,,
20171018,1265,1265,1265,1265,-
,,,,,
,,,,,
,,,,,
,,,,,
,,,,,
,,,,,
,,,,,
20171019,1265,1265,1265,1265,-
,,,,,
,,,,,
,,,,,
,,,,,
,,,,,
,,,,,
,,,,,
20171023,1265,1265,1265,1265,-
,,,,,
,,,,,
,,,,,
,,,,,
,,,,,
,,,,,
,,,,,
20171024,1265,1265,1265,1265,-
,,,,,
,,,,,
,,,,,
,,,,,
,,,,,
,,,,,
,,,,,
20171025,1265,1265,1265,1265,-
,,,,,
,,,,,
,,,,,
,,,,,
,,,,,
,,,,,
,,,,,
20171026,1265,1265,1265,1265,-
,,,,,
,,,,,
,,,,,
,,,,,
,,,,,
,,,,,
,,,,,
20171027,1265,1265,1265,1265,-
,,,,,
,,,,,
,,,,,
,,,,,
,,,,,
,,,,,
,,,,,
20171030,1265,1265,1265,1265,-
,,,,,
,,,,,
,,,,,
,,,,,
,,,,,
,,,,,
,,,,,
20171031,1265,1265,1265,1265,-
,,,,,
,,,,,
,,,,,
,,,,,
,,,,,
,,,,,
,,,,,
,,,,,
,,,,,
,,,,,
,,,,,
20171101,1265,1265,1265,1265,-
,,,,,
,,,,,
,,,,,
,,,,,
,,,,,
,,,,,
,,,,,
20171102,1265,1265,1265,1265,-
,,,,,
,,,,,
,,,,,
,,,,,
,,,,,
,,,,,
,,,,,
20171103,1265,1265,1265,1265,-
,,,,,
,,,,,
,,,,,
,,,,,
,,,,,
,,,,,
,,,,,
20171106,1265,1265,1265,1265,-
,,,,,
,,,,,
,,,,,
,,,,,
,,,,,
,,,,,
,,,,,
20171107,1265,1265,1265,1265,-
,,,,,
,,,,,
,,,,,
,,,,,
,,,,,
,,,,,
,,,,,
20171108,1265,1265,1265,1265,-
,,,,,
,,,,,
,,,,,
,,,,,
,,,,,
,,,,,
,,,,,
20171109,1265,1265,1265,1265,-
,,,,,
,,,,,
,,,,,
,,,,,
,,,,,
,,,,,
,,,,,
20171110,1265,1265,1265,1265,-
,,,,,
,,,,,
,,,,,
,,,,,
,,,,,
,,,,,
,,,,,
20171113,1265,1265,1265,1265,-
,,,,,
,,,,,
,,,,,
,,,,,
,,,,,
,,,,,
,,,,,
20171114,1265,1265,1265,1265,-
,,,,,
,,,,,
,,,,,
,,,,,
,,,,,
,,,,,
,,,,,
20171115,1265,1265,1265,1265,-
,,,,,
,,,,,
,,,,,
,,,,,
,,,,,
,,,,,
,,,,,
20171116,1265,1265,1265,1265,-
,,,,,
,,,,,
,,,,,
,,,,,
,,,,,
,,,,,
,,,,,
20171117,1265,1265,1265,1265,-
,,,,,
,,,,,
,,,,,
,,,,,
,,,,,
,,,,,
,,,,,
20171120,1265,1265,1265,1265,-
,,,,,
,,,,,
,,,,,
,,,,,
,,,,,
,,,,,
,,,,,
20171121,1265,1265,1265,1265,-
,,,,,
,,,,,
,,,,,
,,,,,
,,,,,
,,,,,
,,,,,
20171122,1265,1265,1265,1265,-
,,,,,
,,,,,
,,,,,
,,,,,
,,,,,
,,,,,
,,,,,
20171123,1265,1265,1265,1265,-
,,,,,
,,,,,
,,,,,
,,,,,
,,,,,
,,,,,
,,,,,
20171124,1265,1265,1265,1265,-
,,,,,
,,,,,
,,,,,
,,,,,
,,,,,
,,,,,
,,,,,
20171127,1265,1265,1265,1265,-
,,,,,
,,,,,
,,,,,
,,,,,
,,,,,
,,,,,
,,,,,
20171128,1265,1265,1265,1265,-
,,,,,
,,,,,
,,,,,
,,,,,
,,,,,
,,,,,
,,,,,
20171129,1265,1265,1265,1265,-
,,,,,
,,,,,
,,,,,
,,,,,
,,,,,
,,,,,
,,,,,
20171130,1265,1265,1265,1265,-
,,,,,
,,,,,
,,,,,
,,,,,
,,,,,
,,,,,
,,,,,
,,,,,
,,,,,
,,,,,
,,,,,
20171201,1265,1265,1265,1265,-
,,,,,
,,,,,
,,,,,
,,,,,
,,,,,
,,,,,
,,,,,
20171204,1265,1265,1265,1265,-
,,,,,
,,,,,
,,,,,
,,,,,
,,,,,
,,,,,
,,,,,
20171205,1265,1265,1265,1265,-
,,,,,
,,,,,
,,,,,
,,,,,
,,,,,
,,,,,
,,,,,
20171206,1265,1265,1265,1265,-
,,,,,
,,,,,
,,,,,
,,,,,
,,,,,
,,,,,
,,,,,
20171207,1265,1265,1265,1265,-
,,,,,
,,,,,
,,,,,
,,,,,
,,,,,
,,,,,
,,,,,
20171208,1265,1265,1265,1265,-
,,,,,
,,,,,
,,,,,
,,,,,
,,,,,
,,,,,
,,,,,
20171211,1265,1265,1265,1265,-
,,,,,
,,,,,
,,,,,
,,,,,
,,,,,
,,,,,
,,,,,
20171213,1265,1265,1265,1265,-
,,,,,
,,,,,
,,,,,
,,,,,
,,,,,
,,,,,
,,,,,
20171214,1265,1265,1265,1265,-
,,,,,
,,,,,
,,,,,
,,,,,
,,,,,
,,,,,
,,,,,
20171215,1265,1265,1265,1265,-
,,,,,
,,,,,
,,,,,
,,,,,
,,,,,
,,,,,
,,,,,
20171218,1265,1265,1265,1265,-
,,,,,
,,,,,
,,,,,
,,,,,
,,,,,
,,,,,
,,,,,
20171219,1265,1265,1265,1265,-
,,,,,
,,,,,
,,,,,
,,,,,
,,,,,
,,,,,
,,,,,
20171220,1265,1265,1265,1265,-
,,,,,
,,,,,
,,,,,
,,,,,
,,,,,
,,,,,
,,,,,
20171221,1265,1265,1265,1265,-
,,,,,
,,,,,
,,,,,
,,,,,
,,,,,
,,,,,
,,,,,
20171222,1265,1265,1265,1265,-
,,,,,
,,,,,
,,,,,
,,,,,
,,,,,
,,,,,
,,,,,
20171227,1265,1265,1265,1265,-
,,,,,
,,,,,
,,,,,
,,,,,
,,,,,
,,,,,
,,,,,
20171228,1265,1265,1265,1265,-
,,,,,
,,,,,
,,,,,
,,,,,
,,,,,
,,,,,
,,,,,
20171229,1265,1265,1265,1265,-
,,,,,
,,,,,
,,,,,
,,,,,
,,,,,
,,,,,
,,,,,
,,,,,
,,,,,
,,,,,
,,,,,
,,,,,
,,,,,
20180102,1265,1265,1265,1265,-
,,,,,
,,,,,
,,,,,
,,,,,
,,,,,
,,,,,
,,,,,
20180103,1265,1265,1265,1265,-
,,,,,
,,,,,
,,,,,
,,,,,
,,,,,
,,,,,
,,,,,
20180104,1265,1265,1265,1265,-
,,,,,
,,,,,
,,,,,
,,,,,
,,,,,
,,,,,
,,,,,
20180105,1265,1265,1265,1265,-
,,,,,
,,,,,
,,,,,
,,,,,
,,,,,
,,,,,
,,,,,
20180108,1265,1265,1265,1265,-
,,,,,
,,,,,
,,,,,
,,,,,
,,,,,
,,,,,
,,,,,
20180109,1265,1265,1265,1265,-
,,,,,
,,,,,
,,,,,
,,,,,
,,,,,
,,,,,
,,,,,
20180110,1265,1265,1265,1265,-
,,,,,
,,,,,
,,,,,
,,,,,
,,,,,
,,,,,
,,,,,
20180111,1265,1265,1265,1265,-
,,,,,
,,,,,
,,,,,
,,,,,
,,,,,
,,,,,
,,,,,
20180112,1265,1265,1265,1265,-
,,,,,
,,,,,
,,,,,
,,,,,
,,,,,
,,,,,
,,,,,
20180115,1265,1265,1265,1265,-
,,,,,
,,,,,
,,,,,
,,,,,
,,,,,
,,,,,
,,,,,
20180116,1265,1265,1265,1265,-
,,,,,
,,,,,
,,,,,
,,,,,
,,,,,
,,,,,
,,,,,
20180117,1265,1265,1265,1265,-
,,,,,
,,,,,
,,,,,
,,,,,
,,,,,
,,,,,
,,,,,
20180118,1265,1265,1265,1265,-
,,,,,
,,,,,
,,,,,
,,,,,
,,,,,
,,,,,
,,,,,
20180119,1265,1265,1265,1265,-
,,,,,
,,,,,
,,,,,
,,,,,
,,,,,
,,,,,
,,,,,
20180122,1265,1265,1265,1265,-
,,,,,
,,,,,
,,,,,
,,,,,
,,,,,
,,,,,
,,,,,
20180123,1265,1265,1265,1265,-
,,,,,
,,,,,
,,,,,
,,,,,
,,,,,
,,,,,
,,,,,
20180124,1265,1265,1265,1265,-
,,,,,
,,,,,
,,,,,
,,,,,
,,,,,
,,,,,
,,,,,
20180125,1265,1265,1265,1265,-
,,,,,
,,,,,
,,,,,
,,,,,
,,,,,
,,,,,
,,,,,
20180126,1265,1265,1265,1265,-
,,,,,
,,,,,
,,,,,
,,,,,
,,,,,
,,,,,
,,,,,
20180129,1265,1265,1265,1265,-
,,,,,
,,,,,
,,,,,
,,,,,
,,,,,
,,,,,
,,,,,
20180130,1265,1265,1265,1265,-
,,,,,
,,,,,
,,,,,
,,,,,
,,,,,
,,,,,
,,,,,
20180131,1265,1265,1265,1265,-
,,,,,
,,,,,
,,,,,
,,,,,
,,,,,
,,,,,
,,,,,
,,,,,
,,,,,
,,,,,
,,,,,
20180201,1265,1265,1265,1265,-
,,,,,
,,,,,
,,,,,
,,,,,
,,,,,
,,,,,
,,,,,
20180202,1265,1265,1265,1265,-
,,,,,
,,,,,
,,,,,
,,,,,
,,,,,
,,,,,
,,,,,
20180205,1265,1265,1265,1265,-
,,,,,
,,,,,
,,,,,
,,,,,
,,,,,
,,,,,
,,,,,
20180206,1265,1265,1265,1265,-
,,,,,
,,,,,
,,,,,
,,,,,
,,,,,
,,,,,
,,,,,
20180207,1265,1265,1265,1265,-
,,,,,
,,,,,
,,,,,
,,,,,
,,,,,
,,,,,
,,,,,
20180208,1265,1265,1265,1265,-
,,,,,
,,,,,
,,,,,
,,,,,
,,,,,
,,,,,
,,,,,
20180209,1265,1265,1265,1265,-
,,,,,
,,,,,
,,,,,
,,,,,
,,,,,
,,,,,
,,,,,
20180212,1265,1265,1265,1265,-
,,,,,
,,,,,
,,,,,
,,,,,
,,,,,
,,,,,
,,,,,
20180213,1265,1265,1265,1265,-
,,,,,
,,,,,
,,,,,
,,,,,
,,,,,
,,,,,
,,,,,
20180214,1265,1265,1265,1265,-
,,,,,
,,,,,
,,,,,
,,,,,
,,,,,
,,,,,
,,,,,
20180215,1265,1265,1265,1265,-
,,,,,
,,,,,
,,,,,
,,,,,
,,,,,
,,,,,
,,,,,
20180216,1265,1265,1265,1265,-
,,,,,
,,,,,
,,,,,
,,,,,
,,,,,
,,,,,
,,,,,
20180219,1265,1265,1265,1265,-
,,,,,
,,,,,
,,,,,
,,,,,
,,,,,
,,,,,
,,,,,
20180220,1265,1265,1265,1265,-
,,,,,
,,,,,
,,,,,
,,,,,
,,,,,
,,,,,
,,,,,
20180221,1265,1265,1265,1265,-
,,,,,
,,,,,
,,,,,
,,,,,
,,,,,
,,,,,
,,,,,
20180222,1265,1265,1265,1265,-
,,,,,
,,,,,
,,,,,
,,,,,
,,,,,
,,,,,
,,,,,
20180223,1265,1265,1265,1265,-
,,,,,
,,,,,
,,,,,
,,,,,
,,,,,
,,,,,
,,,,,
20180226,1265,1265,1265,1265,-
,,,,,
,,,,,
,,,,,
,,,,,
,,,,,
,,,,,
,,,,,
20180227,1265,1265,1265,1265,-
,,,,,
,,,,,
,,,,,
,,,,,
,,,,,
,,,,,
,,,,,
20180228,1265,1265,1265,1265,-
,,,,,
,,,,,
,,,,,
,,,,,
,,,,,
,,,,,
,,,,,
,,,,,
,,,,,
,,,,,
,,,,,
20180301,1265,1265,1265,1265,-
,,,,,
,,,,,
,,,,,
,,,,,
,,,,,
,,,,,
,,,,,
20180302,1265,1265,1265,1265,-
,,,,,
,,,,,
,,,,,
,,,,,
,,,,,
,,,,,
,,,,,
20180305,1265,1265,1265,1265,-
,,,,,
,,,,,
,,,,,
,,,,,
,,,,,
,,,,,
,,,,,
20180306,1265,1265,1265,1265,-
,,,,,
,,,,,
,,,,,
,,,,,
,,,,,
,,,,,
,,,,,
20180307,1265,1265,1265,1265,-
,,,,,
,,,,,
,,,,,
,,,,,
,,,,,
,,,,,
,,,,,
20180308,1265,1265,1265,1265,-
,,,,,
,,,,,
,,,,,
,,,,,
,,,,,
,,,,,
,,,,,
20180309,1265,1265,1265,1265,-
,,,,,
,,,,,
,,,,,
,,,,,
,,,,,
,,,,,
,,,,,
20180312,1265,1265,1265,1265,-
,,,,,
,,,,,
,,,,,
,,,,,
,,,,,
,,,,,
,,,,,
20180313,1265,1265,1265,1265,-
,,,,,
,,,,,
,,,,,
,,,,,
,,,,,
,,,,,
,,,,,
20180314,1265,1265,1265,1265,100
,,,,,
,,,,,
,,,,,
,,,,,
,,,,,
,,,,,
,,,,,
20180315,1265,1265,1265,1265,-
,,,,,
,,,,,
,,,,,
,,,,,
,,,,,
,,,,,
,,,,,
20180316,1265,1265,1265,1265,-
,,,,,
,,,,,
,,,,,
,,,,,
,,,,,
,,,,,
,,,,,
20180319,1265,1265,1265,1265,-
,,,,,
,,,,,
,,,,,
,,,,,
,,,,,
,,,,,
,,,,,
20180320,1265,1265,1265,1265,-
,,,,,
,,,,,
,,,,,
,,,,,
,,,,,
,,,,,
,,,,,
20180321,1265,1265,1265,1265,-
,,,,,
,,,,,
,,,,,
,,,,,
,,,,,
,,,,,
,,,,,
20180322,1265,1265,1265,1265,-
,,,,,
,,,,,
,,,,,
,,,,,
,,,,,
,,,,,
,,,,,
20180323,1265,1265,1265,1265,-
,,,,,
,,,,,
,,,,,
,,,,,
,,,,,
,,,,,
,,,,,
20180326,1265,1265,1265,1265,-
,,,,,
,,,,,
,,,,,
,,,,,
,,,,,
,,,,,
,,,,,
20180327,1265,1265,1265,1265,-
,,,,,
,,,,,
,,,,,
,,,,,
,,,,,
,,,,,
,,,,,
20180328,1265,1265,1265,1265,-
,,,,,
,,,,,
,,,,,
,,,,,
,,,,,
,,,,,
,,,,,
20180329,1265,1265,1265,1265,-
,,,,,
,,,,,
,,,,,
,,,,,
,,,,,
,,,,,
,,,,,
,,,,,
,,,,,
,,,,,
,,,,,
20180403,1265,1265,1265,1265,-
,,,,,
,,,,,
,,,,,
,,,,,
,,,,,
,,,,,
,,,,,
20180404,1265,1265,1265,1265,-
,,,,,
,,,,,
,,,,,
,,,,,
,,,,,
,,,,,
,,,,,
20180405,1265,1265,1265,1265,-
,,,,,
,,,,,
,,,,,
,,,,,
,,,,,
,,,,,
,,,,,
20180406,1265,1265,1265,1265,-
,,,,,
,,,,,
,,,,,
,,,,,
,,,,,
,,,,,
,,,,,
20180409,1265,1265,1265,1265,-
,,,,,
,,,,,
,,,,,
,,,,,
,,,,,
,,,,,
,,,,,
20180410,1265,1265,1265,1265,-
,,,,,
,,,,,
,,,,,
,,,,,
,,,,,
,,,,,
,,,,,
20180411,1265,1265,1265,1265,-
,,,,,
,,,,,
,,,,,
,,,,,
,,,,,
,,,,,
,,,,,
20180412,1265,1265,1265,1265,-
,,,,,
,,,,,
,,,,,
,,,,,
,,,,,
,,,,,
,,,,,
20180413,1265,1265,1265,1265,-
,,,,,
,,,,,
,,,,,
,,,,,
,,,,,
,,,,,
,,,,,
20180416,1265,1265,1265,1265,-
,,,,,
,,,,,
,,,,,
,,,,,
,,,,,
,,,,,
,,,,,
20180417,1265,1265,1265,1265,-
,,,,,
,,,,,
,,,,,
,,,,,
,,,,,
,,,,,
,,,,,
20180418,1265,1265,1265,1265,-
,,,,,
,,,,,
,,,,,
,,,,,
,,,,,
,,,,,
,,,,,
20180419,1265,1265,1265,1265,-
,,,,,
,,,,,
,,,,,
,,,,,
,,,,,
,,,,,
,,,,,
20180420,1265,1265,1265,1265,-
,,,,,
,,,,,
,,,,,
,,,,,
,,,,,
,,,,,
,,,,,
20180423,1265,1265,1265,1265,-
,,,,,
,,,,,
,,,,,
,,,,,
,,,,,
,,,,,
,,,,,
20180424,1265,1265,1265,1265,-
,,,,,
,,,,,
,,,,,
,,,,,
,,,,,
,,,,,
,,,,,
20180425,1265,1265,1265,1265,-
,,,,,
,,,,,
,,,,,
,,,,,
,,,,,
,,,,,
,,,,,
20180426,1265,1265,1265,1265,-
,,,,,
,,,,,
,,,,,
,,,,,
,,,,,
,,,,,
,,,,,
20180427,1265,1265,1265,1265,-
,,,,,
,,,,,
,,,,,
,,,,,
,,,,,
,,,,,
,,,,,
20180430,1265,1265,1265,1265,-
,,,,,
,,,,,
,,,,,
,,,,,
,,,,,
,,,,,
,,,,,
,,,,,
,,,,,
,,,,,
,,,,,
20180502,1265,1265,1265,1265,-
,,,,,
,,,,,
,,,,,
,,,,,
,,,,,
,,,,,
,,,,,
20180503,1265,1265,1265,1265,-
,,,,,
,,,,,
,,,,,
,,,,,
,,,,,
,,,,,
,,,,,
20180504,1265,1265,1265,1265,100
,,,,,
,,,,,
,,,,,
,,,,,
,,,,,
,,,,,
,,,,,
20180507,1265,1265,1265,1265,-
,,,,,
,,,,,
,,,,,
,,,,,
,,,,,
,,,,,
,,,,,
20180508,1265,1265,1265,1265,-
,,,,,
,,,,,
,,,,,
,,,,,
,,,,,
,,,,,
,,,,,
20180509,1265,1265,1265,1265,-
,,,,,
,,,,,
,,,,,
,,,,,
,,,,,
,,,,,
,,,,,
20180510,1265,1265,1265,1265,-
,,,,,
,,,,,
,,,,,
,,,,,
,,,,,
,,,,,
,,,,,
20180511,1265,1265,1265,1265,-
,,,,,
,,,,,
,,,,,
,,,,,
,,,,,
,,,,,
,,,,,
20180514,1265,1265,1265,1265,-
,,,,,
,,,,,
,,,,,
,,,,,
,,,,,
,,,,,
,,,,,
20180515,1265,1265,1265,1265,-
,,,,,
,,,,,
,,,,,
,,,,,
,,,,,
,,,,,
,,,,,
20180516,1265,1265,1265,1265,-
,,,,,
,,,,,
,,,,,
,,,,,
,,,,,
,,,,,
,,,,,
20180517,1265,1265,1265,1265,-
,,,,,
,,,,,
,,,,,
,,,,,
,,,,,
,,,,,
,,,,,
20180518,1265,1265,1265,1265,-
,,,,,
,,,,,
,,,,,
,,,,,
,,,,,
,,,,,
,,,,,
20180521,1265,1265,1265,1265,-
,,,,,
,,,,,
,,,,,
,,,,,
,,,,,
,,,,,
,,,,,
20180522,1265,1265,1265,1265,-
,,,,,
,,,,,
,,,,,
,,,,,
,,,,,
,,,,,
,,,,,
20180523,1265,1265,1265,1265,-
,,,,,
,,,,,
,,,,,
,,,,,
,,,,,
,,,,,
,,,,,
20180524,1265,1265,1265,1265,-
,,,,,
,,,,,
,,,,,
,,,,,
,,,,,
,,,,,
,,,,,
20180525,1265,1265,1265,1265,-
,,,,,
,,,,,
,,,,,
,,,,,
,,,,,
,,,,,
,,,,,
20180528,1265,1265,1265,1265,-
,,,,,
,,,,,
,,,,,
,,,,,
,,,,,
,,,,,
,,,,,
20180529,1265,1265,1265,1265,-
,,,,,
,,,,,
,,,,,
,,,,,
,,,,,
,,,,,
,,,,,
20180530,1265,1265,1265,1265,-
,,,,,
,,,,,
,,,,,
,,,,,
,,,,,
,,,,,
,,,,,
20180531,1265,1265,1265,1265,-
,,,,,
,,,,,
,,,,,
,,,,,
,,,,,
,,,,,
,,,,,
,,,,,
,,,,,
,,,,,
,,,,,
20180604,1265,1265,1265,1265,-
,,,,,
,,,,,
,,,,,
,,,,,
,,,,,
,,,,,
,,,,,
20180605,1265,1265,1265,1265,-
,,,,,
,,,,,
,,,,,
,,,,,
,,,,,
,,,,,
,,,,,
20180606,1265,1265,1265,1265,-
,,,,,
,,,,,
,,,,,
,,,,,
,,,,,
,,,,,
,,,,,
20180607,1265,1265,1265,1265,-
,,,,,
,,,,,
,,,,,
,,,,,
,,,,,
,,,,,
,,,,,
20180608,1265,1265,1265,1265,-
,,,,,
,,,,,
,,,,,
,,,,,
,,,,,
,,,,,
,,,,,
20180611,1265,1265,1265,1265,-
,,,,,
,,,,,
,,,,,
,,,,,
,,,,,
,,,,,
,,,,,
20180612,1265,1265,1265,1265,-
,,,,,
,,,,,
,,,,,
,,,,,
,,,,,
,,,,,
,,,,,
20180613,1265,1265,1265,1265,-
,,,,,
,,,,,
,,,,,
,,,,,
,,,,,
,,,,,
,,,,,
20180614,1265,1265,1265,1265,-
,,,,,
,,,,,
,,,,,
,,,,,
,,,,,
,,,,,
,,,,,
20180615,1265,1265,1265,1265,-
,,,,,
,,,,,
,,,,,
,,,,,
,,,,,
,,,,,
,,,,,
20180618,1265,1265,1265,1265,-
,,,,,
,,,,,
,,,,,
,,,,,
,,,,,
,,,,,
,,,,,
20180619,1265,1265,1265,1265,-
,,,,,
,,,,,
,,,,,
,,,,,
,,,,,
,,,,,
,,,,,
20180620,1265,1265,1265,1265,-
,,,,,
,,,,,
,,,,,
,,,,,
,,,,,
,,,,,
,,,,,
20180621,1265,1265,1265,1265,-
,,,,,
,,,,,
,,,,,
,,,,,
,,,,,
,,,,,
,,,,,
20180622,1265,1265,1265,1265,-
,,,,,
,,,,,
,,,,,
,,,,,
,,,,,
,,,,,
,,,,,
20180625,1265,1265,1265,1265,-
,,,,,
,,,,,
,,,,,
,,,,,
,,,,,
,,,,,
,,,,,
20180626,1265,1265,1265,1265,-
,,,,,
,,,,,
,,,,,
,,,,,
,,,,,
,,,,,
,,,,,
20180627,1265,1265,1265,1265,-
,,,,,
,,,,,
,,,,,
,,,,,
,,,,,
,,,,,
,,,,,
20180628,1265,1265,1265,1265,-
,,,,,
,,,,,
,,,,,
,,,,,
,,,,,
,,,,,
,,,,,
20180629,1265,1265,1265,1265,-
,,,,,
,,,,,
,,,,,
,,,,,
,,,,,
,,,,,
,,,,,
,,,,,
,,,,,
,,,,,
,,,,,
20180702,1265,1265,1265,1265,-
,,,,,
,,,,,
,,,,,
,,,,,
,,,,,
,,,,,
,,,,,
20180703,1265,1265,1265,1265,-
,,,,,
,,,,,
,,,,,
,,,,,
,,,,,
,,,,,
,,,,,
20180704,1265,1265,1265,1265,-
,,,,,
,,,,,
,,,,,
,,,,,
,,,,,
,,,,,
,,,,,
20180705,1265,1265,1265,1265,-
,,,,,
,,,,,
,,,,,
,,,,,
,,,,,
,,,,,
,,,,,
20180706,1265,1265,1265,1265,-
,,,,,
,,,,,
,,,,,
,,,,,
,,,,,
,,,,,
,,,,,
20180709,1265,1265,1265,1265,-
,,,,,
,,,,,
,,,,,
,,,,,
,,,,,
,,,,,
,,,,,
20180710,1220,1220,1220,1265,100
,,,,,
,,,,,
,,,,,
,,,,,
,,,,,
,,,,,
,,,,,
20180711,1220,1220,1220,1220,-
,,,,,
,,,,,
,,,,,
,,,,,
,,,,,
,,,,,
,,,,,
20180712,1220,1220,1220,1220,-
,,,,,
,,,,,
,,,,,
,,,,,
,,,,,
,,,,,
,,,,,
20180713,1220,1220,1220,1220,-
,,,,,
,,,,,
,,,,,
,,,,,
,,,,,
,,,,,
,,,,,
20180716,1220,1220,1220,1220,-
,,,,,
,,,,,
,,,,,
,,,,,
,,,,,
,,,,,
,,,,,
20180717,1220,1220,1220,1220,-
,,,,,
,,,,,
,,,,,
,,,,,
,,,,,
,,,,,
,,,,,
20180718,1220,1220,1220,1220,-
,,,,,
,,,,,
,,,,,
,,,,,
,,,,,
,,,,,
,,,,,
20180719,1220,1220,1220,1220,-
,,,,,
,,,,,
,,,,,
,,,,,
,,,,,
,,,,,
,,,,,
20180720,1220,1220,1220,1220,-
,,,,,
,,,,,
,,,,,
,,,,,
,,,,,
,,,,,
,,,,,
20180723,1220,1220,1220,1220,-
,,,,,
,,,,,
,,,,,
,,,,,
,,,,,
,,,,,
,,,,,
20180724,1220,1220,1220,1220,-
,,,,,
,,,,,
,,,,,
,,,,,
,,,,,
,,,,,
,,,,,
20180725,1220,1220,1220,1220,-
,,,,,
,,,,,
,,,,,
,,,,,
,,,,,
,,,,,
,,,,,
20180726,1220,1220,1220,1220,-
,,,,,
,,,,,
,,,,,
,,,,,
,,,,,
,,,,,
,,,,,
20180727,1220,1220,1220,1220,-
,,,,,
,,,,,
,,,,,
,,,,,
,,,,,
,,,,,
,,,,,
20180730,1220,1220,1220,1220,-
,,,,,
,,,,,
,,,,,
,,,,,
,,,,,
,,,,,
,,,,,
20180731,1220,1220,1220,1220,-
,,,,,
,,,,,
,,,,,
,,,,,
,,,,,
,,,,,
,,,,,
,,,,,
,,,,,
,,,,,
,,,,,
20180801,1220,1220,1220,1220,-
,,,,,
,,,,,
,,,,,
,,,,,
,,,,,
,,,,,
,,,,,
20180802,1220,1220,1220,1220,-
,,,,,
,,,,,
,,,,,
,,,,,
,,,,,
,,,,,
,,,,,
20180803,1220,1220,1220,1220,-
,,,,,
,,,,,
,,,,,
,,,,,
,,,,,
,,,,,
,,,,,
20180806,1220,1220,1220,1220,-
,,,,,
,,,,,
,,,,,
,,,,,
,,,,,
,,,,,
,,,,,
20180807,1220,1220,1220,1220,-
,,,,,
,,,,,
,,,,,
,,,,,
,,,,,
,,,,,
,,,,,
20180808,1220,1220,1220,1220,-
,,,,,
,,,,,
,,,,,
,,,,,
,,,,,
,,,,,
,,,,,
20180809,1220,1220,1220,1220,-
,,,,,
,,,,,
,,,,,
,,,,,
,,,,,
,,,,,
,,,,,
20180810,1220,1220,1220,1220,-
,,,,,
,,,,,
,,,,,
,,,,,
,,,,,
,,,,,
,,,,,
20180813,1220,1220,1220,1220,-
,,,,,
,,,,,
,,,,,
,,,,,
,,,,,
,,,,,
,,,,,
20180814,1220,1220,1220,1220,-
,,,,,
,,,,,
,,,,,
,,,,,
,,,,,
,,,,,
,,,,,
20180815,1220,1220,1220,1220,-
,,,,,
,,,,,
,,,,,
,,,,,
,,,,,
,,,,,
,,,,,
20180816,1220,1220,1220,1220,-
,,,,,
,,,,,
,,,,,
,,,,,
,,,,,
,,,,,
,,,,,
20180817,1220,1220,1220,1220,-
,,,,,
,,,,,
,,,,,
,,,,,
,,,,,
,,,,,
,,,,,
20180820,1220,1220,1220,1220,-
,,,,,
,,,,,
,,,,,
,,,,,
,,,,,
,,,,,
,,,,,
20180821,1220,1220,1220,1220,-
,,,,,
,,,,,
,,,,,
,,,,,
,,,,,
,,,,,
,,,,,
20180822,1220,1220,1220,1220,-
,,,,,
,,,,,
,,,,,
,,,,,
,,,,,
,,,,,
,,,,,
20180823,1220,1220,1220,1220,-
,,,,,
,,,,,
,,,,,
,,,,,
,,,,,
,,,,,
,,,,,
20180824,1220,1220,1220,1220,-
,,,,,
,,,,,
,,,,,
,,,,,
,,,,,
,,,,,
,,,,,
20180827,1220,1220,1220,1220,-
,,,,,
,,,,,
,,,,,
,,,,,
,,,,,
,,,,,
,,,,,
20180828,1175,1175,1175,1220,100
,,,,,
,,,,,
,,,,,
,,,,,
,,,,,
,,,,,
,,,,,
20180829,1175,1175,1175,1175,-
,,,,,
,,,,,
,,,,,
,,,,,
,,,,,
,,,,,
,,,,,
20180830,1175,1175,1175,1175,-
,,,,,
,,,,,
,,,,,
,,,,,
,,,,,
,,,,,
,,,,,
20180831,1175,1175,1175,1175,-
,,,,,
,,,,,
,,,,,
,,,,,
,,,,,
,,,,,
,,,,,
,,,,,
,,,,,
,,,,,
,,,,,
20180903,1175,1175,1175,1175,-
,,,,,
,,,,,
,,,,,
,,,,,
,,,,,
,,,,,
,,,,,
20180904,1175,1175,1175,1175,-
,,,,,
,,,,,
,,,,,
,,,,,
,,,,,
,,,,,
,,,,,
20180905,1175,1175,1175,1175,-
,,,,,
,,,,,
,,,,,
,,,,,
,,,,,
,,,,,
,,,,,
20180906,1175,1175,1175,1175,-
,,,,,
,,,,,
,,,,,
,,,,,
,,,,,
,,,,,
,,,,,
20180907,1175,1175,1175,1175,-
,,,,,
,,,,,
,,,,,
,,,,,
,,,,,
,,,,,
,,,,,
20180910,1175,1175,1175,1175,-
,,,,,
,,,,,
,,,,,
,,,,,
,,,,,
,,,,,
,,,,,
20180911,1175,1175,1175,1175,-
,,,,,
,,,,,
,,,,,
,,,,,
,,,,,
,,,,,
,,,,,
20180912,1175,1175,1175,1175,-
,,,,,
,,,,,
,,,,,
,,,,,
,,,,,
,,,,,
,,,,,
20180913,1175,1175,1175,1175,-
,,,,,
,,,,,
,,,,,
,,,,,
,,,,,
,,,,,
,,,,,
20180914,1175,1175,1175,1175,-
,,,,,
,,,,,
,,,,,
,,,,,
,,,,,
,,,,,
,,,,,
20180917,1175,1175,1175,1175,-
,,,,,
,,,,,
,,,,,
,,,,,
,,,,,
,,,,,
,,,,,
20180918,1175,1175,1175,1175,-
,,,,,
,,,,,
,,,,,
,,,,,
,,,,,
,,,,,
,,,,,
20180919,1175,1175,1175,1175,-
,,,,,
,,,,,
,,,,,
,,,,,
,,,,,
,,,,,
,,,,,
20180920,1175,1175,1175,1175,-
,,,,,
,,,,,
,,,,,
,,,,,
,,,,,
,,,,,
,,,,,
20180921,1175,1175,1175,1175,-
,,,,,
,,,,,
,,,,,
,,,,,
,,,,,
,,,,,
,,,,,
20180924,1175,1175,1175,1175,-
,,,,,
,,,,,
,,,,,
,,,,,
,,,,,
,,,,,
,,,,,
20180925,1175,1175,1175,1175,-
,,,,,
,,,,,
,,,,,
,,,,,
,,,,,
,,,,,
,,,,,
20180926,1175,1175,1175,1175,-
,,,,,
,,,,,
,,,,,
,,,,,
,,,,,
,,,,,
,,,,,
20180927,1175,1175,1175,1175,-
,,,,,
,,,,,
,,,,,
,,,,,
,,,,,
,,,,,
,,,,,
20180928,1175,1175,1175,1175,-
,,,,,
,,,,,
,,,,,
,,,,,
,,,,,
,,,,,
,,,,,
,,,,,
,,,,,
,,,,,
,,,,,
20181001,1175,1175,1175,1175,-
,,,,,
,,,,,
,,,,,
,,,,,
,,,,,
,,,,,
,,,,,
20181002,1175,1175,1175,1175,-
,,,,,
,,,,,
,,,,,
,,,,,
,,,,,
,,,,,
,,,,,
20181003,1175,1175,1175,1175,-
,,,,,
,,,,,
,,,,,
,,,,,
,,,,,
,,,,,
,,,,,
20181004,1175,1175,1175,1175,-
,,,,,
,,,,,
,,,,,
,,,,,
,,,,,
,,,,,
,,,,,
20181005,1175,1175,1175,1175,-
,,,,,
,,,,,
,,,,,
,,,,,
,,,,,
,,,,,
,,,,,
20181008,1175,1175,1175,1175,-
,,,,,
,,,,,
,,,,,
,,,,,
,,,,,
,,,,,
,,,,,
20181009,1175,1175,1175,1175,-
,,,,,
,,,,,
,,,,,
,,,,,
,,,,,
,,,,,
,,,,,
20181010,1175,1175,1175,1175,-
,,,,,
,,,,,
,,,,,
,,,,,
,,,,,
,,,,,
,,,,,
20181011,1175,1175,1175,1175,-
,,,,,
,,,,,
,,,,,
,,,,,
,,,,,
,,,,,
,,,,,
20181012,1175,1175,1175,1175,-
,,,,,
,,,,,
,,,,,
,,,,,
,,,,,
,,,,,
,,,,,
20181015,1175,1175,1175,1175,-
,,,,,
,,,,,
,,,,,
,,,,,
,,,,,
,,,,,
,,,,,
20181016,1175,1175,1175,1175,-
,,,,,
,,,,,
,,,,,
,,,,,
,,,,,
,,,,,
,,,,,
20181017,1175,1175,1175,1175,-
,,,,,
,,,,,
,,,,,
,,,,,
,,,,,
,,,,,
,,,,,
20181018,1175,1175,1175,1175,-
,,,,,
,,,,,
,,,,,
,,,,,
,,,,,
,,,,,
,,,,,
20181019,1175,1175,1175,1175,-
,,,,,
,,,,,
,,,,,
,,,,,
,,,,,
,,,,,
,,,,,
20181022,1175,1175,1175,1175,-
,,,,,
,,,,,
,,,,,
,,,,,
,,,,,
,,,,,
,,,,,
20181023,1175,1175,1175,1175,-
,,,,,
,,,,,
,,,,,
,,,,,
,,,,,
,,,,,
,,,,,
20181024,1175,1175,1175,1175,-
,,,,,
,,,,,
,,,,,
,,,,,
,,,,,
,,,,,
,,,,,
20181025,1175,1175,1175,1175,-
,,,,,
,,,,,
,,,,,
,,,,,
,,,,,
,,,,,
,,,,,
20181026,1175,1175,1175,1175,-
,,,,,
,,,,,
,,,,,
,,,,,
,,,,,
,,,,,
,,,,,
20181029,1175,1175,1175,1175,-
,,,,,
,,,,,
,,,,,
,,,,,
,,,,,
,,,,,
,,,,,
20181030,1175,1175,1175,1175,-
,,,,,
,,,,,
,,,,,
,,,,,
,,,,,
,,,,,
,,,,,
20181031,1175,1175,1175,1175,-
,,,,,
,,,,,
,,,,,
,,,,,
,,,,,
,,,,,
,,,,,
,,,,,
,,,,,
,,,,,
,,,,,
20181101,1165,1165,1165,1175,800
,,,,,
,,,,,
,,,,,
,,,,,
,,,,,
,,,,,
,,,,,
20181102,1165,1165,1165,1165,-
,,,,,
,,,,,
,,,,,
,,,,,
,,,,,
,,,,,
,,,,,
20181105,1165,1165,1165,1165,-
,,,,,
,,,,,
,,,,,
,,,,,
,,,,,
,,,,,
,,,,,
20181106,1165,1165,1165,1165,-
,,,,,
,,,,,
,,,,,
,,,,,
,,,,,
,,,,,
,,,,,
20181107,1165,1165,1165,1165,-
,,,,,
,,,,,
,,,,,
,,,,,
,,,,,
,,,,,
,,,,,
20181108,1165,1165,1165,1165,-
,,,,,
,,,,,
,,,,,
,,,,,
,,,,,
,,,,,
,,,,,
20181109,1165,1165,1165,1165,-
,,,,,
,,,,,
,,,,,
,,,,,
,,,,,
,,,,,
,,,,,
20181112,1165,1165,1165,1165,-
,,,,,
,,,,,
,,,,,
,,,,,
,,,,,
,,,,,
,,,,,
20181113,1165,1165,1165,1165,-
,,,,,
,,,,,
,,,,,
,,,,,
,,,,,
,,,,,
,,,,,
20181114,1165,1165,1165,1165,-
,,,,,
,,,,,
,,,,,
,,,,,
,,,,,
,,,,,
,,,,,
20181115,1165,1165,1165,1165,-
,,,,,
,,,,,
,,,,,
,,,,,
,,,,,
,,,,,
,,,,,
20181116,1165,1165,1165,1165,-
,,,,,
,,,,,
,,,,,
,,,,,
,,,,,
,,,,,
,,,,,
20181119,1165,1165,1165,1165,-
,,,,,
,,,,,
,,,,,
,,,,,
,,,,,
,,,,,
,,,,,
20181120,1165,1165,1165,1165,-
,,,,,
,,,,,
,,,,,
,,,,,
,,,,,
,,,,,
,,,,,
20181121,1165,1165,1165,1165,-
,,,,,
,,,,,
,,,,,
,,,,,
,,,,,
,,,,,
,,,,,
20181122,1165,1165,1165,1165,-
,,,,,
,,,,,
,,,,,
,,,,,
,,,,,
,,,,,
,,,,,
20181123,1165,1165,1165,1165,-
,,,,,
,,,,,
,,,,,
,,,,,
,,,,,
,,,,,
,,,,,
20181126,1165,1165,1165,1165,-
,,,,,
,,,,,
,,,,,
,,,,,
,,,,,
,,,,,
,,,,,
20181127,1165,1165,1165,1165,-
,,,,,
,,,,,
,,,,,
,,,,,
,,,,,
,,,,,
,,,,,
20181128,1165,1165,1165,1165,-
,,,,,
,,,,,
,,,,,
,,,,,
,,,,,
,,,,,
,,,,,
20181129,1165,1165,1165,1165,-
,,,,,
,,,,,
,,,,,
,,,,,
,,,,,
,,,,,
,,,,,
20181130,1165,1165,1165,1165,-
,,,,,
,,,,,
,,,,,
,,,,,
,,,,,
,,,,,
,,,,,
,,,,,
,,,,,
,,,,,
,,,,,
20181203,1165,1165,1165,1165,-
,,,,,
,,,,,
,,,,,
,,,,,
,,,,,
,,,,,
,,,,,
20181204,1165,1165,1165,1165,-
,,,,,
,,,,,
,,,,,
,,,,,
,,,,,
,,,,,
,,,,,
20181205,1165,1165,1165,1165,-
,,,,,
,,,,,
,,,,,
,,,,,
,,,,,
,,,,,
,,,,,
20181206,1165,1165,1165,1165,-
,,,,,
,,,,,
,,,,,
,,,,,
,,,,,
,,,,,
,,,,,
20181207,1165,1165,1165,1165,-
,,,,,
,,,,,
,,,,,
,,,,,
,,,,,
,,,,,
,,,,,
20181210,1165,1165,1165,1165,-
,,,,,
,,,,,
,,,,,
,,,,,
,,,,,
,,,,,
,,,,,
20181211,1165,1165,1165,1165,-
,,,,,
,,,,,
,,,,,
,,,,,
,,,,,
,,,,,
,,,,,
20181213,1165,1165,1165,1165,-
,,,,,
,,,,,
,,,,,
,,,,,
,,,,,
,,,,,
,,,,,
20181214,1165,1165,1165,1165,-
,,,,,
,,,,,
,,,,,
,,,,,
,,,,,
,,,,,
,,,,,
20181217,1165,1165,1165,1165,-
,,,,,
,,,,,
,,,,,
,,,,,
,,,,,
,,,,,
,,,,,
20181218,1165,1165,1165,1165,-
,,,,,
,,,,,
,,,,,
,,,,,
,,,,,
,,,,,
,,,,,
20181219,1165,1165,1165,1165,-
,,,,,
,,,,,
,,,,,
,,,,,
,,,,,
,,,,,
,,,,,
20181220,1165,1165,1165,1165,-
,,,,,
,,,,,
,,,,,
,,,,,
,,,,,
,,,,,
,,,,,
20181221,1165,1165,1165,1165,-
,,,,,
,,,,,
,,,,,
,,,,,
,,,,,
,,,,,
,,,,,
20181224,1165,1165,1165,1165,-
,,,,,
,,,,,
,,,,,
,,,,,
,,,,,
,,,,,
,,,,,
20181227,1165,1165,1165,1165,-
,,,,,
,,,,,
,,,,,
,,,,,
,,,,,
,,,,,
,,,,,
20181228,1165,1165,1165,1165,-
,,,,,
,,,,,
,,,,,
,,,,,
,,,,,
,,,,,
,,,,,
20181231,1165,1165,1165,1165,-
,,,,,
,,,,,
,,,,,
,,,,,
,,,,,
,,,,,
,,,,,
,,,,,
,,,,,
,,,,,
,,,,,
,,,,,
,,,,,
20190102,1165,1165,1165,1165,-
,,,,,
,,,,,
,,,,,
,,,,,
,,,,,
,,,,,
,,,,,
20190103,1165,1165,1165,1165,-
,,,,,
,,,,,
,,,,,
,,,,,
,,,,,
,,,,,
,,,,,
20190104,1165,1165,1165,1165,-
,,,,,
,,,,,
,,,,,
,,,,,
,,,,,
,,,,,
,,,,,
20190107,1165,1165,1165,1165,-
,,,,,
,,,,,
,,,,,
,,,,,
,,,,,
,,,,,
,,,,,
20190108,1255,1255,1255,1165,-
,,,,,
,,,,,
,,,,,
,,,,,
,,,,,
,,,,,
,,,,,
20190109,1255,1255,1255,1255,100
,,,,,
,,,,,
,,,,,
,,,,,
,,,,,
,,,,,
,,,,,
20190110,1255,1255,1255,1255,-
,,,,,
,,,,,
,,,,,
,,,,,
,,,,,
,,,,,
,,,,,
20190111,1255,1255,1255,1255,-
,,,,,
,,,,,
,,,,,
,,,,,
,,,,,
,,,,,
,,,,,
20190114,1255,1255,1255,1255,-
,,,,,
,,,,,
,,,,,
,,,,,
,,,,,
,,,,,
,,,,,
20190115,1255,1255,1255,1255,-
,,,,,
,,,,,
,,,,,
,,,,,
,,,,,
,,,,,
,,,,,
20190116,1255,1255,1255,1255,-
,,,,,
,,,,,
,,,,,
,,,,,
,,,,,
,,,,,
,,,,,
20190117,1255,1255,1255,1255,-
,,,,,
,,,,,
,,,,,
,,,,,
,,,,,
,,,,,
,,,,,
20190118,1255,1255,1255,1255,-
,,,,,
,,,,,
,,,,,
,,,,,
,,,,,
,,,,,
,,,,,
20190121,1255,1255,1255,1255,-
,,,,,
,,,,,
,,,,,
,,,,,
,,,,,
,,,,,
,,,,,
20190122,1255,1255,1255,1255,-
,,,,,
,,,,,
,,,,,
,,,,,
,,,,,
,,,,,
,,,,,
20190123,1255,1255,1255,1255,-
,,,,,
,,,,,
,,,,,
,,,,,
,,,,,
,,,,,
,,,,,
20190124,1255,1255,1255,1255,-
,,,,,
,,,,,
,,,,,
,,,,,
,,,,,
,,,,,
,,,,,
20190125,1255,1255,1255,1255,-
,,,,,
,,,,,
,,,,,
,,,,,
,,,,,
,,,,,
,,,,,
20190128,1255,1255,1255,1255,-
,,,,,
,,,,,
,,,,,
,,,,,
,,,,,
,,,,,
,,,,,
20190129,1255,1255,1255,1255,-
,,,,,
,,,,,
,,,,,
,,,,,
,,,,,
,,,,,
,,,,,
20190130,1255,1255,1255,1255,-
,,,,,
,,,,,
,,,,,
,,,,,
,,,,,
,,,,,
,,,,,
20190131,1255,1255,1255,1255,-
,,,,,
,,,,,
,,,,,
,,,,,
,,,,,
,,,,,
,,,,,
,,,,,
,,,,,
,,,,,
,,,,,
20190201,1255,1255,1255,1255,-
,,,,,
,,,,,
,,,,,
,,,,,
,,,,,
,,,,,
,,,,,
20190204,1255,1255,1255,1255,-
,,,,,
,,,,,
,,,,,
,,,,,
,,,,,
,,,,,
,,,,,
20190205,1255,1255,1255,1255,-
,,,,,
,,,,,
,,,,,
,,,,,
,,,,,
,,,,,
,,,,,
20190206,1255,1255,1255,1255,-
,,,,,
,,,,,
,,,,,
,,,,,
,,,,,
,,,,,
,,,,,
20190207,1255,1255,1255,1255,-
,,,,,
,,,,,
,,,,,
,,,,,
,,,,,
,,,,,
,,,,,
20190208,1255,1255,1255,1255,-
,,,,,
,,,,,
,,,,,
,,,,,
,,,,,
,,,,,
,,,,,
20190211,1255,1255,1255,1255,-
,,,,,
,,,,,
,,,,,
,,,,,
,,,,,
,,,,,
,,,,,
20190212,1255,1255,1255,1255,-
,,,,,
,,,,,
,,,,,
,,,,,
,,,,,
,,,,,
,,,,,
20190213,1255,1255,1255,1255,-
,,,,,
,,,,,
,,,,,
,,,,,
,,,,,
,,,,,
,,,,,
20190214,1255,1255,1255,1255,-
,,,,,
,,,,,
,,,,,
,,,,,
,,,,,
,,,,,
,,,,,
20190215,1255,1255,1255,1255,-
,,,,,
,,,,,
,,,,,
,,,,,
,,,,,
,,,,,
,,,,,
20190218,1255,1255,1255,1255,-
,,,,,
,,,,,
,,,,,
,,,,,
,,,,,
,,,,,
,,,,,
20190219,1255,1255,1255,1255,-
,,,,,
,,,,,
,,,,,
,,,,,
,,,,,
,,,,,
,,,,,
20190220,1255,1255,1255,1255,-
,,,,,
,,,,,
,,,,,
,,,,,
,,,,,
,,,,,
,,,,,
20190221,1255,1255,1255,1255,-
,,,,,
,,,,,
,,,,,
,,,,,
,,,,,
,,,,,
,,,,,
20190222,1255,1255,1255,1255,-
,,,,,
,,,,,
,,,,,
,,,,,
,,,,,
,,,,,
,,,,,
20190225,1255,1255,1255,1255,-
,,,,,
,,,,,
,,,,,
,,,,,
,,,,,
,,,,,
,,,,,
20190226,1275,1275,1275,1255,800
,,,,,
,,,,,
,,,,,
,,,,,
,,,,,
,,,,,
,,,,,
20190227,1275,1275,1275,1275,-
,,,,,
,,,,,
,,,,,
,,,,,
,,,,,
,,,,,
,,,,,
20190228,1275,1275,1275,1275,-
,,,,,
,,,,,
,,,,,
,,,,,
,,,,,
,,,,,
,,,,,
,,,,,
,,,,,
,,,,,
,,,,,
20190301,1275,1275,1275,1275,-
,,,,,
,,,,,
,,,,,
,,,,,
,,,,,
,,,,,
,,,,,
20190304,1275,1275,1275,1275,-
,,,,,
,,,,,
,,,,,
,,,,,
,,,,,
,,,,,
,,,,,
20190305,1275,1275,1275,1275,-
,,,,,
,,,,,
,,,,,
,,,,,
,,,,,
,,,,,
,,,,,
20190306,1275,1275,1275,1275,-
,,,,,
,,,,,
,,,,,
,,,,,
,,,,,
,,,,,
,,,,,
20190307,1275,1275,1275,1275,-
,,,,,
,,,,,
,,,,,
,,,,,
,,,,,
,,,,,
,,,,,
20190308,1275,1275,1275,1275,-
,,,,,
,,,,,
,,,,,
,,,,,
,,,,,
,,,,,
,,,,,
20190311,1275,1275,1275,1275,-
,,,,,
,,,,,
,,,,,
,,,,,
,,,,,
,,,,,
,,,,,
20190312,1275,1275,1275,1275,-
,,,,,
,,,,,
,,,,,
,,,,,
,,,,,
,,,,,
,,,,,
20190313,1275,1275,1275,1275,-
,,,,,
,,,,,
,,,,,
,,,,,
,,,,,
,,,,,
,,,,,
20190314,1275,1275,1275,1275,-
,,,,,
,,,,,
,,,,,
,,,,,
,,,,,
,,,,,
,,,,,
20190315,1275,1275,1275,1275,-
,,,,,
,,,,,
,,,,,
,,,,,
,,,,,
,,,,,
,,,,,
20190318,1275,1275,1275,1275,-
,,,,,
,,,,,
,,,,,
,,,,,
,,,,,
,,,,,
,,,,,
20190319,1275,1275,1275,1275,-
,,,,,
,,,,,
,,,,,
,,,,,
,,,,,
,,,,,
,,,,,
20190320,1275,1275,1275,1275,-
,,,,,
,,,,,
,,,,,
,,,,,
,,,,,
,,,,,
,,,,,
20190321,1275,1275,1275,1275,-
,,,,,
,,,,,
,,,,,
,,,,,
,,,,,
,,,,,
,,,,,
20190322,1275,1275,1275,1275,-
,,,,,
,,,,,
,,,,,
,,,,,
,,,,,
,,,,,
,,,,,
20190325,1275,1275,1275,1275,-
,,,,,
,,,,,
,,,,,
,,,,,
,,,,,
,,,,,
,,,,,
20190326,1275,1275,1275,1275,-
,,,,,
,,,,,
,,,,,
,,,,,
,,,,,
,,,,,
,,,,,
20190327,1235,1235,1235,1275,700
,,,,,
,,,,,
,,,,,
,,,,,
,,,,,
,,,,,
,,,,,
20190328,1235,1235,1235,1235,-
,,,,,
,,,,,
,,,,,
,,,,,
,,,,,
,,,,,
,,,,,
20190329,1235,1235,1235,1235,-
,,,,,
,,,,,
,,,,,
,,,,,
,,,,,
,,,,,
,,,,,
,,,,,
,,,,,
,,,,,
,,,,,
20190401,1235,1235,1235,1235,-
,,,,,
,,,,,
,,,,,
,,,,,
,,,,,
,,,,,
,,,,,
20190402,1235,1235,1235,1235,-
,,,,,
,,,,,
,,,,,
,,,,,
,,,,,
,,,,,
,,,,,
20190403,1235,1235,1235,1235,-
,,,,,
,,,,,
,,,,,
,,,,,
,,,,,
,,,,,
,,,,,
20190404,1235,1235,1235,1235,-
,,,,,
,,,,,
,,,,,
,,,,,
,,,,,
,,,,,
,,,,,
20190405,1235,1235,1235,1235,-
,,,,,
,,,,,
,,,,,
,,,,,
,,,,,
,,,,,
,,,,,
20190408,1235,1235,1235,1235,-
,,,,,
,,,,,
,,,,,
,,,,,
,,,,,
,,,,,
,,,,,
20190409,1235,1235,1235,1235,-
,,,,,
,,,,,
,,,,,
,,,,,
,,,,,
,,,,,
,,,,,
20190410,1235,1235,1235,1235,-
,,,,,
,,,,,
,,,,,
,,,,,
,,,,,
,,,,,
,,,,,
20190411,1235,1235,1235,1235,-
,,,,,
,,,,,
,,,,,
,,,,,
,,,,,
,,,,,
,,,,,
20190412,1235,1235,1235,1235,-
,,,,,
,,,,,
,,,,,
,,,,,
,,,,,
,,,,,
,,,,,
20190415,1235,1235,1235,1235,-
,,,,,
,,,,,
,,,,,
,,,,,
,,,,,
,,,,,
,,,,,
20190416,1235,1235,1235,1235,-
,,,,,
,,,,,
,,,,,
,,,,,
,,,,,
,,,,,
,,,,,
20190417,1235,1235,1235,1235,-
,,,,,
,,,,,
,,,,,
,,,,,
,,,,,
,,,,,
,,,,,
20190418,1235,1235,1235,1235,-
,,,,,
,,,,,
,,,,,
,,,,,
,,,,,
,,,,,
,,,,,
20190423,1235,1235,1235,1235,-
,,,,,
,,,,,
,,,,,
,,,,,
,,,,,
,,,,,
,,,,,
20190424,1235,1235,1235,1235,-
,,,,,
,,,,,
,,,,,
,,,,,
,,,,,
,,,,,
,,,,,
20190425,1235,1235,1235,1235,-
,,,,,
,,,,,
,,,,,
,,,,,
,,,,,
,,,,,
,,,,,
20190426,1235,1235,1235,1235,-
,,,,,
,,,,,
,,,,,
,,,,,
,,,,,
,,,,,
,,,,,
20190429,1235,1235,1235,1235,-
,,,,,
,,,,,
,,,,,
,,,,,
,,,,,
,,,,,
,,,,,
20190430,1235,1235,1235,1235,-
,,,,,
,,,,,
,,,,,
,,,,,
,,,,,
,,,,,
,,,,,
,,,,,
,,,,,
,,,,,
,,,,,
20190502,1235,1235,1235,1235,-
,,,,,
,,,,,
,,,,,
,,,,,
,,,,,
,,,,,
,,,,,
20190503,1235,1235,1235,1235,-
,,,,,
,,,,,
,,,,,
,,,,,
,,,,,
,,,,,
,,,,,
20190506,1235,1235,1235,1235,-
,,,,,
,,,,,
,,,,,
,,,,,
,,,,,
,,,,,
,,,,,
20190507,1235,1235,1235,1235,-
,,,,,
,,,,,
,,,,,
,,,,,
,,,,,
,,,,,
,,,,,
20190508,1235,1235,1235,1235,-
,,,,,
,,,,,
,,,,,
,,,,,
,,,,,
,,,,,
,,,,,
20190509,1235,1235,1235,1235,-
,,,,,
,,,,,
,,,,,
,,,,,
,,,,,
,,,,,
,,,,,
20190510,1235,1235,1235,1235,-
,,,,,
,,,,,
,,,,,
,,,,,
,,,,,
,,,,,
,,,,,
20190513,1235,1235,1235,1235,-
,,,,,
,,,,,
,,,,,
,,,,,
,,,,,
,,,,,
,,,,,
20190514,1235,1235,1235,1235,-
,,,,,
,,,,,
,,,,,
,,,,,
,,,,,
,,,,,
,,,,,
20190515,1235,1235,1235,1235,-
,,,,,
,,,,,
,,,,,
,,,,,
,,,,,
,,,,,
,,,,,
20190516,1235,1235,1235,1235,-
,,,,,
,,,,,
,,,,,
,,,,,
,,,,,
,,,,,
,,,,,
20190517,1235,1235,1235,1235,-
,,,,,
,,,,,
,,,,,
,,,,,
,,,,,
,,,,,
,,,,,
20190520,1235,1235,1235,1235,-
,,,,,
,,,,,
,,,,,
,,,,,
,,,,,
,,,,,
,,,,,
20190521,1235,1235,1235,1235,-
,,,,,
,,,,,
,,,,,
,,,,,
,,,,,
,,,,,
,,,,,
20190522,1235,1235,1235,1235,-
,,,,,
,,,,,
,,,,,
,,,,,
,,,,,
,,,,,
,,,,,
20190523,1235,1235,1235,1235,-
,,,,,
,,,,,
,,,,,
,,,,,
,,,,,
,,,,,
,,,,,
20190524,1235,1235,1235,1235,-
,,,,,
,,,,,
,,,,,
,,,,,
,,,,,
,,,,,
,,,,,
20190527,1235,1235,1235,1235,-
,,,,,
,,,,,
,,,,,
,,,,,
,,,,,
,,,,,
,,,,,
20190528,1235,1235,1235,1235,-
,,,,,
,,,,,
,,,,,
,,,,,
,,,,,
,,,,,
,,,,,
20190529,1235,1235,1235,1235,-
,,,,,
,,,,,
,,,,,
,,,,,
,,,,,
,,,,,
,,,,,
20190530,1235,1235,1235,1235,-
,,,,,
,,,,,
,,,,,
,,,,,
,,,,,
,,,,,
,,,,,
20190531,1235,1235,1235,1235,-
,,,,,
,,,,,
,,,,,
,,,,,
,,,,,
,,,,,
,,,,,
,,,,,
,,,,,
,,,,,
,,,,,
20190603,1235,1235,1235,1235,-
,,,,,
,,,,,
,,,,,
,,,,,
,,,,,
,,,,,
,,,,,
20190604,1235,1235,1235,1235,-
,,,,,
,,,,,
,,,,,
,,,,,
,,,,,
,,,,,
,,,,,
20190605,1235,1235,1235,1235,-
,,,,,
,,,,,
,,,,,
,,,,,
,,,,,
,,,,,
,,,,,
20190606,1235,1235,1235,1235,-
,,,,,
,,,,,
,,,,,
,,,,,
,,,,,
,,,,,
,,,,,
20190607,1235,1235,1235,1235,-
,,,,,
,,,,,
,,,,,
,,,,,
,,,,,
,,,,,
,,,,,
20190610,1235,1235,1235,1235,-
,,,,,
,,,,,
,,,,,
,,,,,
,,,,,
,,,,,
,,,,,
20190611,1235,1235,1235,1235,-
,,,,,
,,,,,
,,,,,
,,,,,
,,,,,
,,,,,
,,,,,
20190612,1235,1235,1235,1235,-
,,,,,
,,,,,
,,,,,
,,,,,
,,,,,
,,,,,
,,,,,
20190613,1235,1235,1235,1235,-
,,,,,
,,,,,
,,,,,
,,,,,
,,,,,
,,,,,
,,,,,
20190614,1235,1235,1235,1235,-
,,,,,
,,,,,
,,,,,
,,,,,
,,,,,
,,,,,
,,,,,
20190617,1235,1235,1235,1235,-
,,,,,
,,,,,
,,,,,
,,,,,
,,,,,
,,,,,
,,,,,
20190618,1235,1235,1235,1235,-
,,,,,
,,,,,
,,,,,
,,,,,
,,,,,
,,,,,
,,,,,
20190619,1235,1235,1235,1235,-
,,,,,
,,,,,
,,,,,
,,,,,
,,,,,
,,,,,
,,,,,
20190620,1235,1235,1235,1235,-
,,,,,
,,,,,
,,,,,
,,,,,
,,,,,
,,,,,
,,,,,
20190621,1235,1235,1235,1235,-
,,,,,
,,,,,
,,,,,
,,,,,
,,,,,
,,,,,
,,,,,
20190624,1235,1235,1235,1235,-
,,,,,
,,,,,
,,,,,
,,,,,
,,,,,
,,,,,
,,,,,
20190625,1235,1235,1235,1235,-
,,,,,
,,,,,
,,,,,
,,,,,
,,,,,
,,,,,
,,,,,
20190626,1235,1235,1235,1235,-
,,,,,
,,,,,
,,,,,
,,,,,
,,,,,
,,,,,
,,,,,
20190627,1235,1235,1235,1235,-
,,,,,
,,,,,
,,,,,
,,,,,
,,,,,
,,,,,
,,,,,
20190628,1235,1235,1235,1235,-
,,,,,
,,,,,
,,,,,
,,,,,
,,,,,
,,,,,
,,,,,
,,,,,
,,,,,
,,,,,
,,,,,
20190701,1235,1235,1235,1235,-
,,,,,
,,,,,
,,,,,
,,,,,
,,,,,
,,,,,
,,,,,
20190702,1235,1235,1235,1235,-
,,,,,
,,,,,
,,,,,
,,,,,
,,,,,
,,,,,
,,,,,
20190703,1235,1235,1235,1235,-
,,,,,
,,,,,
,,,,,
,,,,,
,,,,,
,,,,,
,,,,,
20190704,1235,1235,1235,1235,-
,,,,,
,,,,,
,,,,,
,,,,,
,,,,,
,,,,,
,,,,,
20190705,1235,1235,1235,1235,-
,,,,,
,,,,,
,,,,,
,,,,,
,,,,,
,,,,,
,,,,,
20190708,1235,1235,1235,1235,-
,,,,,
,,,,,
,,,,,
,,,,,
,,,,,
,,,,,
,,,,,
20190709,1235,1235,1235,1235,-
,,,,,
,,,,,
,,,,,
,,,,,
,,,,,
,,,,,
,,,,,
20190710,1235,1235,1235,1235,-
,,,,,
,,,,,
,,,,,
,,,,,
,,,,,
,,,,,
,,,,,
20190711,1235,1235,1235,1235,-
,,,,,
,,,,,
,,,,,
,,,,,
,,,,,
,,,,,
,,,,,
20190712,1235,1235,1235,1235,-
,,,,,
,,,,,
,,,,,
,,,,,
,,,,,
,,,,,
,,,,,
20190715,1235,1235,1235,1235,-
,,,,,
,,,,,
,,,,,
,,,,,
,,,,,
,,,,,
,,,,,
20190716,1235,1235,1235,1235,-
,,,,,
,,,,,
,,,,,
,,,,,
,,,,,
,,,,,
,,,,,
20190717,1235,1235,1235,1235,-
,,,,,
,,,,,
,,,,,
,,,,,
,,,,,
,,,,,
,,,,,
20190718,1235,1235,1235,1235,-
,,,,,
,,,,,
,,,,,
,,,,,
,,,,,
,,,,,
,,,,,
20190719,1235,1235,1235,1235,-
,,,,,
,,,,,
,,,,,
,,,,,
,,,,,
,,,,,
,,,,,
20190722,1235,1235,1235,1235,-
,,,,,
,,,,,
,,,,,
,,,,,
,,,,,
,,,,,
,,,,,
20190723,1235,1235,1235,1235,-
,,,,,
,,,,,
,,,,,
,,,,,
,,,,,
,,,,,
,,,,,
20190724,1235,1235,1235,1235,-
,,,,,
,,,,,
,,,,,
,,,,,
,,,,,
,,,,,
,,,,,
20190725,1235,1235,1235,1235,-
,,,,,
,,,,,
,,,,,
,,,,,
,,,,,
,,,,,
,,,,,
20190726,1235,1235,1235,1235,-
,,,,,
,,,,,
,,,,,
,,,,,
,,,,,
,,,,,
,,,,,
20190729,1235,1235,1235,1235,-
,,,,,
,,,,,
,,,,,
,,,,,
,,,,,
,,,,,
,,,,,
20190730,1235,1235,1235,1235,-
,,,,,
,,,,,
,,,,,
,,,,,
,,,,,
,,,,,
,,,,,
20190731,1235,1235,1235,1235,-
,,,,,
,,,,,
,,,,,
,,,,,
,,,,,
,,,,,
,,,,,
,,,,,
,,,,,
,,,,,
,,,,,
20190801,1235,1235,1235,1235,-
,,,,,
,,,,,
,,,,,
,,,,,
,,,,,
,,,,,
,,,,,
20190802,1235,1235,1235,1235,-
,,,,,
,,,,,
,,,,,
,,,,,
,,,,,
,,,,,
,,,,,
20190805,1235,1235,1235,1235,-
,,,,,
,,,,,
,,,,,
,,,,,
,,,,,
,,,,,
,,,,,
20190806,1235,1235,1235,1235,-
,,,,,
,,,,,
,,,,,
,,,,,
,,,,,
,,,,,
,,,,,
20190807,1235,1235,1235,1235,-
,,,,,
,,,,,
,,,,,
,,,,,
,,,,,
,,,,,
,,,,,
20190808,1235,1235,1235,1235,-
,,,,,
,,,,,
,,,,,
,,,,,
,,,,,
,,,,,
,,,,,
20190809,1235,1235,1235,1235,-
,,,,,
,,,,,
,,,,,
,,,,,
,,,,,
,,,,,
,,,,,
20190812,1235,1235,1235,1235,-
,,,,,
,,,,,
,,,,,
,,,,,
,,,,,
,,,,,
,,,,,
20190813,1235,1235,1235,1235,-
,,,,,
,,,,,
,,,,,
,,,,,
,,,,,
,,,,,
,,,,,
20190814,1235,1235,1235,1235,-
,,,,,
,,,,,
,,,,,
,,,,,
,,,,,
,,,,,
,,,,,
20190815,1235,1235,1235,1235,-
,,,,,
,,,,,
,,,,,
,,,,,
,,,,,
,,,,,
,,,,,
20190816,1235,1235,1235,1235,-
,,,,,
,,,,,
,,,,,
,,,,,
,,,,,
,,,,,
,,,,,
20190819,1235,1235,1235,1235,-
,,,,,
,,,,,
,,,,,
,,,,,
,,,,,
,,,,,
,,,,,
20190820,1235,1235,1235,1235,-
,,,,,
,,,,,
,,,,,
,,,,,
,,,,,
,,,,,
,,,,,
20190821,1235,1235,1235,1235,-
,,,,,
,,,,,
,,,,,
,,,,,
,,,,,
,,,,,
,,,,,
20190822,1235,1235,1235,1235,-
,,,,,
,,,,,
,,,,,
,,,,,
,,,,,
,,,,,
,,,,,
20190823,1235,1235,1235,1235,-
,,,,,
,,,,,
,,,,,
,,,,,
,,,,,
,,,,,
,,,,,
20190826,1235,1235,1235,1235,-
,,,,,
,,,,,
,,,,,
,,,,,
,,,,,
,,,,,
,,,,,
20190827,1235,1235,1235,1235,-
,,,,,
,,,,,
,,,,,
,,,,,
,,,,,
,,,,,
,,,,,
20190828,1235,1235,1235,1235,-
,,,,,
,,,,,
,,,,,
,,,,,
,,,,,
,,,,,
,,,,,
20190829,1235,1235,1235,1235,-
,,,,,
,,,,,
,,,,,
,,,,,
,,,,,
,,,,,
,,,,,
20190830,1235,1235,1235,1235,-
,,,,,
,,,,,
,,,,,
,,,,,
,,,,,
,,,,,
,,,,,
,,,,,
,,,,,
,,,,,
,,,,,
20190902,1235,1235,1235,1235,-
,,,,,
,,,,,
,,,,,
,,,,,
,,,,,
,,,,,
,,,,,
20190903,1235,1235,1235,1235,-
,,,,,
,,,,,
,,,,,
,,,,,
,,,,,
,,,,,
,,,,,
20190904,1235,1235,1235,1235,-
,,,,,
,,,,,
,,,,,
,,,,,
,,,,,
,,,,,
,,,,,
20190905,1235,1235,1235,1235,-
,,,,,
,,,,,
,,,,,
,,,,,
,,,,,
,,,,,
,,,,,
20190906,1235,1235,1235,1235,-
,,,,,
,,,,,
,,,,,
,,,,,
,,,,,
,,,,,
,,,,,
20190909,1235,1235,1235,1235,-
,,,,,
,,,,,
,,,,,
,,,,,
,,,,,
,,,,,
,,,,,
20190910,1235,1235,1235,1235,-
,,,,,
,,,,,
,,,,,
,,,,,
,,,,,
,,,,,
,,,,,
20190911,1440,1440,1440,1235,100
,,,,,
,,,,,
,,,,,
,,,,,
,,,,,
,,,,,
,,,,,
20190912,1440,1440,1440,1440,-
,,,,,
,,,,,
,,,,,
,,,,,
,,,,,
,,,,,
,,,,,
20190913,1440,1440,1440,1440,-
,,,,,
,,,,,
,,,,,
,,,,,
,,,,,
,,,,,
,,,,,
20190916,1440,1440,1440,1440,-
,,,,,
,,,,,
,,,,,
,,,,,
,,,,,
,,,,,
,,,,,
20190917,1440,1440,1440,1440,-
,,,,,
,,,,,
,,,,,
,,,,,
,,,,,
,,,,,
,,,,,
20190918,1440,1440,1440,1440,-
,,,,,
,,,,,
,,,,,
,,,,,
,,,,,
,,,,,
,,,,,
20190919,1440,1440,1440,1440,-
,,,,,
,,,,,
,,,,,
,,,,,
,,,,,
,,,,,
,,,,,
20190920,1440,1440,1440,1440,-
,,,,,
,,,,,
,,,,,
,,,,,
,,,,,
,,,,,
,,,,,
20190923,1440,1440,1440,1440,-
,,,,,
,,,,,
,,,,,
,,,,,
,,,,,
,,,,,
,,,,,
20190924,1440,1440,1440,1440,-
,,,,,
,,,,,
,,,,,
,,,,,
,,,,,
,,,,,
,,,,,
20190925,1440,1440,1440,1440,-
,,,,,
,,,,,
,,,,,
,,,,,
,,,,,
,,,,,
,,,,,
20190926,1440,1440,1440,1440,-
,,,,,
,,,,,
,,,,,
,,,,,
,,,,,
,,,,,
,,,,,
20190927,1440,1440,1440,1440,-
,,,,,
,,,,,
,,,,,
,,,,,
,,,,,
,,,,,
,,,,,
20190930,1440,1440,1440,1440,-
,,,,,
,,,,,
,,,,,
,,,,,
,,,,,
,,,,,
,,,,,
,,,,,
,,,,,
,,,,,
,,,,,
20191001,1440,1440,1440,1440,-
,,,,,
,,,,,
,,,,,
,,,,,
,,,,,
,,,,,
,,,,,
20191002,1440,1440,1440,1440,-
,,,,,
,,,,,
,,,,,
,,,,,
,,,,,
,,,,,
,,,,,
20191003,1440,1440,1440,1440,-
,,,,,
,,,,,
,,,,,
,,,,,
,,,,,
,,,,,
,,,,,
20191004,1495,1495,1495,1440,100
,,,,,
,,,,,
,,,,,
,,,,,
,,,,,
,,,,,
,,,,,
20191007,1495,1495,1495,1495,-
,,,,,
,,,,,
,,,,,
,,,,,
,,,,,
,,,,,
,,,,,
20191008,1495,1495,1495,1495,-
,,,,,
,,,,,
,,,,,
,,,,,
,,,,,
,,,,,
,,,,,
20191009,1495,1495,1495,1495,-
,,,,,
,,,,,
,,,,,
,,,,,
,,,,,
,,,,,
,,,,,
20191010,1495,1495,1495,1495,-
,,,,,
,,,,,
,,,,,
,,,,,
,,,,,
,,,,,
,,,,,
20191011,1495,1495,1495,1495,-
,,,,,
,,,,,
,,,,,
,,,,,
,,,,,
,,,,,
,,,,,
20191014,1495,1495,1495,1495,-
,,,,,
,,,,,
,,,,,
,,,,,
,,,,,
,,,,,
,,,,,
20191015,1495,1495,1495,1495,-
,,,,,
,,,,,
,,,,,
,,,,,
,,,,,
,,,,,
,,,,,
20191016,1495,1495,1495,1495,-
,,,,,
,,,,,
,,,,,
,,,,,
,,,,,
,,,,,
,,,,,
20191017,1495,1495,1495,1495,-
,,,,,
,,,,,
,,,,,
,,,,,
,,,,,
,,,,,
,,,,,
20191018,1495,1495,1495,1495,-
,,,,,
,,,,,
,,,,,
,,,,,
,,,,,
,,,,,
,,,,,
20191022,1495,1495,1495,1495,-
,,,,,
,,,,,
,,,,,
,,,,,
,,,,,
,,,,,
,,,,,
20191023,1495,1495,1495,1495,-
,,,,,
,,,,,
,,,,,
,,,,,
,,,,,
,,,,,
,,,,,
20191024,1495,1495,1495,1495,-
,,,,,
,,,,,
,,,,,
,,,,,
,,,,,
,,,,,
,,,,,
20191025,1495,1495,1495,1495,-
,,,,,
,,,,,
,,,,,
,,,,,
,,,,,
,,,,,
,,,,,
20191028,1495,1495,1495,1495,-
,,,,,
,,,,,
,,,,,
,,,,,
,,,,,
,,,,,
,,,,,
20191029,1495,1495,1495,1495,-
,,,,,
,,,,,
,,,,,
,,,,,
,,,,,
,,,,,
,,,,,
20191030,1475,1475,1475,1495,300
,,,,,
,,,,,
,,,,,
,,,,,
,,,,,
,,,,,
,,,,,
20191031,1475,1475,1475,1475,-
,,,,,
,,,,,
,,,,,
,,,,,
,,,,,
,,,,,
,,,,,
,,,,,
,,,,,
,,,,,
,,,,,
20191101,1475,1475,1475,1475,-
,,,,,
,,,,,
,,,,,
,,,,,
,,,,,
,,,,,
,,,,,
20191104,1490,1490,1490,1475,200
,,,,,
,,,,,
,,,,,
,,,,,
,,,,,
,,,,,
,,,,,
20191105,1490,1490,1490,1490,-
,,,,,
,,,,,
,,,,,
,,,,,
,,,,,
,,,,,
,,,,,
20191106,1470,1470,1470,1490,300
,,,,,
,,,,,
,,,,,
,,,,,
,,,,,
,,,,,
,,,,,
20191107,1470,1470,1470,1470,-
,,,,,
,,,,,
,,,,,
,,,,,
,,,,,
,,,,,
,,,,,
20191108,1470,1470,1470,1470,-
,,,,,
,,,,,
,,,,,
,,,,,
,,,,,
,,,,,
,,,,,
20191111,1470,1470,1470,1470,-
,,,,,
,,,,,
,,,,,
,,,,,
,,,,,
,,,,,
,,,,,
20191112,1470,1470,1470,1470,-
,,,,,
,,,,,
,,,,,
,,,,,
,,,,,
,,,,,
,,,,,
20191113,1470,1470,1470,1470,-
,,,,,
,,,,,
,,,,,
,,,,,
,,,,,
,,,,,
,,,,,
20191114,1470,1470,1470,1470,-
,,,,,
,,,,,
,,,,,
,,,,,
,,,,,
,,,,,
,,,,,
20191115,1470,1470,1470,1470,-
,,,,,
,,,,,
,,,,,
,,,,,
,,,,,
,,,,,
,,,,,
20191118,1470,1470,1470,1470,-
,,,,,
,,,,,
,,,,,
,,,,,
,,,,,
,,,,,
,,,,,
20191119,1470,1470,1470,1470,-
,,,,,
,,,,,
,,,,,
,,,,,
,,,,,
,,,,,
,,,,,
20191120,1470,1470,1470,1470,-
,,,,,
,,,,,
,,,,,
,,,,,
,,,,,
,,,,,
,,,,,
20191121,1470,1470,1470,1470,-
,,,,,
,,,,,
,,,,,
,,,,,
,,,,,
,,,,,
,,,,,
20191122,1470,1470,1470,1470,-
,,,,,
,,,,,
,,,,,
,,,,,
,,,,,
,,,,,
,,,,,
20191125,1470,1470,1470,1470,-
,,,,,
,,,,,
,,,,,
,,,,,
,,,,,
,,,,,
,,,,,
20191126,1470,1470,1470,1470,-
,,,,,
,,,,,
,,,,,
,,,,,
,,,,,
,,,,,
,,,,,
20191127,1470,1470,1470,1470,-
,,,,,
,,,,,
,,,,,
,,,,,
,,,,,
,,,,,
,,,,,
20191128,1470,1470,1470,1470,-
,,,,,
,,,,,
,,,,,
,,,,,
,,,,,
,,,,,
,,,,,
20191129,1470,1470,1470,1470,-
,,,,,
,,,,,
,,,,,
,,,,,
,,,,,
,,,,,
,,,,,
,,,,,
,,,,,
,,,,,
,,,,,
20191202,1470,1470,1470,1470,-
,,,,,
,,,,,
,,,,,
,,,,,
,,,,,
,,,,,
,,,,,
20191203,1470,1470,1470,1470,-
,,,,,
,,,,,
,,,,,
,,,,,
,,,,,
,,,,,
,,,,,
20191204,1470,1470,1470,1470,-
,,,,,
,,,,,
,,,,,
,,,,,
,,,,,
,,,,,
,,,,,
20191205,1470,1470,1470,1470,-
,,,,,
,,,,,
,,,,,
,,,,,
,,,,,
,,,,,
,,,,,
20191206,1470,1470,1470,1470,-
,,,,,
,,,,,
,,,,,
,,,,,
,,,,,
,,,,,
,,,,,
20191209,1470,1470,1470,1470,-
,,,,,
,,,,,
,,,,,
,,,,,
,,,,,
,,,,,
,,,,,
20191210,1470,1470,1470,1470,-
,,,,,
,,,,,
,,,,,
,,,,,
,,,,,
,,,,,
,,,,,
20191211,1470,1470,1470,1470,-
,,,,,
,,,,,
,,,,,
,,,,,
,,,,,
,,,,,
,,,,,
20191213,1470,1470,1470,1470,-
,,,,,
,,,,,
,,,,,
,,,,,
,,,,,
,,,,,
,,,,,
20191216,1470,1470,1470,1470,-
,,,,,
,,,,,
,,,,,
,,,,,
,,,,,
,,,,,
,,,,,
20191217,1470,1470,1470,1470,-
,,,,,
,,,,,
,,,,,
,,,,,
,,,,,
,,,,,
,,,,,
20191218,1470,1470,1470,1470,-
,,,,,
,,,,,
,,,,,
,,,,,
,,,,,
,,,,,
,,,,,
20191219,1470,1470,1470,1470,-
,,,,,
,,,,,
,,,,,
,,,,,
,,,,,
,,,,,
,,,,,
20191220,1470,1470,1470,1470,-
,,,,,
,,,,,
,,,,,
,,,,,
,,,,,
,,,,,
,,,,,
20191223,1470,1470,1470,1470,-
,,,,,
,,,,,
,,,,,
,,,,,
,,,,,
,,,,,
,,,,,
20191224,1470,1470,1470,1470,-
,,,,,
,,,,,
,,,,,
,,,,,
,,,,,
,,,,,
,,,,,
20191227,1470,1470,1470,1470,-
,,,,,
,,,,,
,,,,,
,,,,,
,,,,,
,,,,,
,,,,,
20191230,1470,1470,1470,1470,-
,,,,,
,,,,,
,,,,,
,,,,,
,,,,,
,,,,,
,,,,,
20191231,1470,1470,1470,1470,-
,,,,,
,,,,,
,,,,,
,,,,,
,,,,,
,,,,,
,,,,,
,,,,,
,,,,,
,,,,,
,,,,,
,,,,,
,,,,,
20200102,1470,1470,1470,1470,-
,,,,,
,,,,,
,,,,,
,,,,,
,,,,,
,,,,,
,,,,,
20200103,1470,1470,1470,1470,-
,,,,,
,,,,,
,,,,,
,,,,,
,,,,,
,,,,,
,,,,,
20200106,1470,1470,1470,1470,-
,,,,,
,,,,,
,,,,,
,,,,,
,,,,,
,,,,,
,,,,,
20200107,1470,1470,1470,1470,-
,,,,,
,,,,,
,,,,,
,,,,,
,,,,,
,,,,,
,,,,,
20200108,1470,1470,1470,1470,-
,,,,,
,,,,,
,,,,,
,,,,,
,,,,,
,,,,,
,,,,,
20200109,1470,1470,1470,1470,-
,,,,,
,,,,,
,,,,,
,,,,,
,,,,,
,,,,,
,,,,,
20200110,1470,1470,1470,1470,-
,,,,,
,,,,,
,,,,,
,,,,,
,,,,,
,,,,,
,,,,,
20200113,1470,1470,1470,1470,-
,,,,,
,,,,,
,,,,,
,,,,,
,,,,,
,,,,,
,,,,,
20200114,1470,1470,1470,1470,-
,,,,,
,,,,,
,,,,,
,,,,,
,,,,,
,,,,,
,,,,,
20200115,1470,1470,1470,1470,-
,,,,,
,,,,,
,,,,,
,,,,,
,,,,,
,,,,,
,,,,,
20200116,1470,1470,1470,1470,-
,,,,,
,,,,,
,,,,,
,,,,,
,,,,,
,,,,,
,,,,,
20200117,1470,1470,1470,1470,-
,,,,,
,,,,,
,,,,,
,,,,,
,,,,,
,,,,,
,,,,,
20200120,1470,1470,1470,1470,-
,,,,,
,,,,,
,,,,,
,,,,,
,,,,,
,,,,,
,,,,,
20200121,1470,1470,1470,1470,-
,,,,,
,,,,,
,,,,,
,,,,,
,,,,,
,,,,,
,,,,,
20200122,1470,1470,1470,1470,-
,,,,,
,,,,,
,,,,,
,,,,,
,,,,,
,,,,,
,,,,,
20200123,1470,1470,1470,1470,-
,,,,,
,,,,,
,,,,,
,,,,,
,,,,,
,,,,,
,,,,,
20200124,1470,1470,1470,1470,-
,,,,,
,,,,,
,,,,,
,,,,,
,,,,,
,,,,,
,,,,,
20200127,1520,1520,1520,1470,100
,,,,,
,,,,,
,,,,,
,,,,,
,,,,,
,,,,,
,,,,,
20200128,1520,1520,1520,1520,-
,,,,,
,,,,,
,,,,,
,,,,,
,,,,,
,,,,,
,,,,,
20200129,1520,1520,1520,1520,-
,,,,,
,,,,,
,,,,,
,,,,,
,,,,,
,,,,,
,,,,,
20200130,1520,1520,1520,1520,-
,,,,,
,,,,,
,,,,,
,,,,,
,,,,,
,,,,,
,,,,,
20200131,1520,1520,1520,1520,-
,,,,,
,,,,,
,,,,,
,,,,,
,,,,,
,,,,,
,,,,,
,,,,,
,,,,,
,,,,,
,,,,,
20200203,1520,1520,1520,1520,100
,,,,,
,,,,,
,,,,,
,,,,,
,,,,,
,,,,,
,,,,,
20200204,1520,1520,1520,1520,-
,,,,,
,,,,,
,,,,,
,,,,,
,,,,,
,,,,,
,,,,,
20200205,1520,1520,1520,1520,-
,,,,,
,,,,,
,,,,,
,,,,,
,,,,,
,,,,,
,,,,,
20200206,1520,1520,1520,1520,-
,,,,,
,,,,,
,,,,,
,,,,,
,,,,,
,,,,,
,,,,,
20200207,1520,1520,1520,1520,-
,,,,,
,,,,,
,,,,,
,,,,,
,,,,,
,,,,,
,,,,,
20200210,1520,1520,1520,1520,-
,,,,,
,,,,,
,,,,,
,,,,,
,,,,,
,,,,,
,,,,,
20200211,1520,1520,1520,1520,-
,,,,,
,,,,,
,,,,,
,,,,,
,,,,,
,,,,,
,,,,,
20200212,1520,1520,1520,1520,-
,,,,,
,,,,,
,,,,,
,,,,,
,,,,,
,,,,,
,,,,,
20200213,1520,1520,1520,1520,-
,,,,,
,,,,,
,,,,,
,,,,,
,,,,,
,,,,,
,,,,,
20200214,1520,1520,1520,1520,-
,,,,,
,,,,,
,,,,,
,,,,,
,,,,,
,,,,,
,,,,,
20200217,1520,1520,1520,1520,-
,,,,,
,,,,,
,,,,,
,,,,,
,,,,,
,,,,,
,,,,,
20200218,1520,1520,1520,1520,-
,,,,,
,,,,,
,,,,,
,,,,,
,,,,,
,,,,,
,,,,,
20200219,1520,1520,1520,1520,-
,,,,,
,,,,,
,,,,,
,,,,,
,,,,,
,,,,,
,,,,,
20200220,1520,1520,1520,1520,-
,,,,,
,,,,,
,,,,,
,,,,,
,,,,,
,,,,,
,,,,,
20200221,1520,1520,1520,1520,-
,,,,,
,,,,,
,,,,,
,,,,,
,,,,,
,,,,,
,,,,,
20200224,1520,1520,1520,1520,-
,,,,,
,,,,,
,,,,,
,,,,,
,,,,,
,,,,,
,,,,,
20200225,1520,1520,1520,1520,-
,,,,,
,,,,,
,,,,,
,,,,,
,,,,,
,,,,,
,,,,,
20200226,1520,1520,1520,1520,-
,,,,,
,,,,,
,,,,,
,,,,,
,,,,,
,,,,,
,,,,,
20200227,1520,1520,1520,1520,-
,,,,,
,,,,,
,,,,,
,,,,,
,,,,,
,,,,,
,,,,,
20200228,1570,1570,1570,1520,800
,,,,,
,,,,,
,,,,,
,,,,,
,,,,,
,,,,,
,,,,,
,,,,,
,,,,,
,,,,,
,,,,,
20200302,1555,1555,1555,1570,100
,,,,,
,,,,,
,,,,,
,,,,,
,,,,,
,,,,,
,,,,,
20200303,1555,1555,1555,1555,-
,,,,,
,,,,,
,,,,,
,,,,,
,,,,,
,,,,,
,,,,,
20200304,1555,1555,1555,1555,-
,,,,,
,,,,,
,,,,,
,,,,,
,,,,,
,,,,,
,,,,,
20200305,1555,1555,1555,1555,-
,,,,,
,,,,,
,,,,,
,,,,,
,,,,,
,,,,,
,,,,,
20200306,1650,1650,1650,1555,300
,,,,,
,,,,,
,,,,,
,,,,,
,,,,,
,,,,,
,,,,,
20200309,1650,1650,1650,1650,-
,,,,,
,,,,,
,,,,,
,,,,,
,,,,,
,,,,,
,,,,,
20200310,1650,1650,1650,1650,600
,,,,,
,,,,,
,,,,,
,,,,,
,,,,,
,,,,,
,,,,,
20200311,1650,1650,1650,1650,-
,,,,,
,,,,,
,,,,,
,,,,,
,,,,,
,,,,,
,,,,,
20200312,1650,1650,1650,1650,-
,,,,,
,,,,,
,,,,,
,,,,,
,,,,,
,,,,,
,,,,,
20200313,1565,1565,1565,1650,200
,,,,,
,,,,,
,,,,,
,,,,,
,,,,,
,,,,,
,,,,,
20200316,1565,1565,1565,1565,-
,,,,,
,,,,,
,,,,,
,,,,,
,,,,,
,,,,,
,,,,,
20200317,1565,1565,1565,1565,-
,,,,,
,,,,,
,,,,,
,,,,,
,,,,,
,,,,,
,,,,,
20200318,1565,1565,1565,1565,-
,,,,,
,,,,,
,,,,,
,,,,,
,,,,,
,,,,,
,,,,,
20200319,1490,1490,1490,1565,1700
,,,,,
,,,,,
,,,,,
,,,,,
,,,,,
,,,,,
,,,,,
20200320,1490,1490,1490,1490,-
,,,,,
,,,,,
,,,,,
,,,,,
,,,,,
,,,,,
,,,,,
20200323,1490,1490,1490,1490,-
,,,,,
,,,,,
,,,,,
,,,,,
,,,,,
,,,,,
,,,,,
20200324,1490,1490,1490,1490,-
,,,,,
,,,,,
,,,,,
,,,,,
,,,,,
,,,,,
,,,,,
20200325,1650,1650,1650,1490,300
,,,,,
,,,,,
,,,,,
,,,,,
,,,,,
,,,,,
,,,,,
20200326,1650,1650,1650,1650,-
,,,,,
,,,,,
,,,,,
,,,,,
,,,,,
,,,,,
,,,,,
20200327,1625,1625,1625,1650,200
,,,,,
,,,,,
,,,,,
,,,,,
,,,,,
,,,,,
,,,,,
20200330,1625,1625,1625,1625,-
,,,,,
,,,,,
,,,,,
,,,,,
,,,,,
,,,,,
,,,,,
20200331,1615,1615,1615,1625,40600
,,,,,
,,,,,
,,,,,
,,,,,
,,,,,
,,,,,
,,,,,
,,,,,
,,,,,
,,,,,
,,,,,
20200401,1615,1615,1615,1615,-
,,,,,
,,,,,
,,,,,
,,,,,
,,,,,
,,,,,
,,,,,
20200402,1615,1615,1615,1615,-
,,,,,
,,,,,
,,,,,
,,,,,
,,,,,
,,,,,
,,,,,
20200403,1615,1615,1615,1615,-
,,,,,
,,,,,
,,,,,
,,,,,
,,,,,
,,,,,
,,,,,
20200406,1615,1615,1615,1615,-
,,,,,
,,,,,
,,,,,
,,,,,
,,,,,
,,,,,
,,,,,
20200407,1615,1615,1615,1615,-
,,,,,
,,,,,
,,,,,
,,,,,
,,,,,
,,,,,
,,,,,
20200408,1615,1615,1615,1615,-
,,,,,
,,,,,
,,,,,
,,,,,
,,,,,
,,,,,
,,,,,
20200409,1615,1615,1615,1615,-
,,,,,
,,,,,
,,,,,
,,,,,
,,,,,
,,,,,
,,,,,
20200414,1615,1615,1615,1615,-
,,,,,
,,,,,
,,,,,
,,,,,
,,,,,
,,,,,
,,,,,
20200415,1615,1615,1615,1615,-
,,,,,
,,,,,
,,,,,
,,,,,
,,,,,
,,,,,
,,,,,
20200416,1615,1615,1615,1615,-
,,,,,
,,,,,
,,,,,
,,,,,
,,,,,
,,,,,
,,,,,
20200417,1615,1615,1615,1615,-
,,,,,
,,,,,
,,,,,
,,,,,
,,,,,
,,,,,
,,,,,
20200420,1615,1615,1615,1615,-
,,,,,
,,,,,
,,,,,
,,,,,
,,,,,
,,,,,
,,,,,
20200421,1615,1615,1615,1615,-
,,,,,
,,,,,
,,,,,
,,,,,
,,,,,
,,,,,
,,,,,
20200422,1740,1740,1740,1615,15300
,,,,,
,,,,,
,,,,,
,,,,,
,,,,,
,,,,,
,,,,,
20200423,1785,1785,1785,1740,7000
,,,,,
,,,,,
,,,,,
,,,,,
,,,,,
,,,,,
,,,,,
20200424,1775,1775,1775,1785,3500
,,,,,
,,,,,
,,,,,
,,,,,
,,,,,
,,,,,
,,,,,
20200427,1775,1775,1775,1775,-
,,,,,
,,,,,
,,,,,
,,,,,
,,,,,
,,,,,
,,,,,
20200428,1775,1775,1775,1775,-
,,,,,
,,,,,
,,,,,
,,,,,
,,,,,
,,,,,
,,,,,
20200429,1775,1775,1775,1775,-
,,,,,
,,,,,
,,,,,
,,,,,
,,,,,
,,,,,
,,,,,
20200430,1775,1775,1775,1775,-
,,,,,
,,,,,
,,,,,
,,,,,
,,,,,
,,,,,
,,,,,
,,,,,
,,,,,
,,,,,
,,,,,
20200504,1775,1775,1775,1775,-
,,,,,
,,,,,
,,,,,
,,,,,
,,,,,
,,,,,
,,,,,
20200505,1775,1775,1775,1775,-
,,,,,
,,,,,
,,,,,
,,,,,
,,,,,
,,,,,
,,,,,
20200506,1775,1775,1775,1775,-
,,,,,
,,,,,
,,,,,
,,,,,
,,,,,
,,,,,
,,,,,
20200507,1775,1775,1775,1775,-
,,,,,
,,,,,
,,,,,
,,,,,
,,,,,
,,,,,
,,,,,
20200508,1775,1775,1775,1775,-
,,,,,
,,,,,
,,,,,
,,,,,
,,,,,
,,,,,
,,,,,
20200511,1775,1775,1775,1775,-
,,,,,
,,,,,
,,,,,
,,,,,
,,,,,
,,,,,
,,,,,
20200512,1775,1775,1775,1775,-
,,,,,
,,,,,
,,,,,
,,,,,
,,,,,
,,,,,
,,,,,
20200513,1775,1775,1775,1775,-
,,,,,
,,,,,
,,,,,
,,,,,
,,,,,
,,,,,
,,,,,
20200514,1775,1775,1775,1775,-
,,,,,
,,,,,
,,,,,
,,,,,
,,,,,
,,,,,
,,,,,
20200515,1775,1775,1775,1775,-
,,,,,
,,,,,
,,,,,
,,,,,
,,,,,
,,,,,
,,,,,
20200518,1775,1775,1775,1775,-
,,,,,
,,,,,
,,,,,
,,,,,
,,,,,
,,,,,
,,,,,
20200519,1775,1775,1775,1775,-
,,,,,
,,,,,
,,,,,
,,,,,
,,,,,
,,,,,
,,,,,
20200520,1795,1795,1795,1775,200
,,,,,
,,,,,
,,,,,
,,,,,
,,,,,
,,,,,
,,,,,
20200521,1795,1795,1795,1795,-
,,,,,
,,,,,
,,,,,
,,,,,
,,,,,
,,,,,
,,,,,
20200522,1795,1795,1795,1795,-
,,,,,
,,,,,
,,,,,
,,,,,
,,,,,
,,,,,
,,,,,
20200525,1795,1795,1795,1795,-
,,,,,
,,,,,
,,,,,
,,,,,
,,,,,
,,,,,
,,,,,
20200526,1760,1760,1760,1795,2300
,,,,,
,,,,,
,,,,,
,,,,,
,,,,,
,,,,,
,,,,,
20200527,1760,1760,1760,1760,-
,,,,,
,,,,,
,,,,,
,,,,,
,,,,,
,,,,,
,,,,,
20200528,1760,1760,1760,1760,-
,,,,,
,,,,,
,,,,,
,,,,,
,,,,,
,,,,,
,,,,,
20200529,1760,1760,1760,1760,-
,,,,,
,,,,,
,,,,,
,,,,,
,,,,,
,,,,,
,,,,,
,,,,,
,,,,,
,,,,,
,,,,,
20200602,1775,1775,1775,1760,100
,,,,,
,,,,,
,,,,,
,,,,,
,,,,,
,,,,,
,,,,,
20200603,1740,1740,1740,1775,15000
,,,,,
,,,,,
,,,,,
,,,,,
,,,,,
,,,,,
,,,,,
20200604,1740,1740,1740,1740,-
,,,,,
,,,,,
,,,,,
,,,,,
,,,,,
,,,,,
,,,,,
20200605,1740,1740,1740,1740,-
,,,,,
,,,,,
,,,,,
,,,,,
,,,,,
,,,,,
,,,,,
20200608,1710,1710,1710,1740,4100
,,,,,
,,,,,
,,,,,
,,,,,
,,,,,
,,,,,
,,,,,
20200609,1710,1710,1710,1710,-
,,,,,
,,,,,
,,,,,
,,,,,
,,,,,
,,,,,
,,,,,
20200610,1750,1750,1750,1710,600
,,,,,
,,,,,
,,,,,
,,,,,
,,,,,
,,,,,
,,,,,
20200611,1765,1765,1765,1750,600
,,,,,
,,,,,
,,,,,
,,,,,
,,,,,
,,,,,
,,,,,
20200612,1765,1765,1765,1765,-
,,,,,
,,,,,
,,,,,
,,,,,
,,,,,
,,,,,
,,,,,
20200615,1765,1765,1765,1765,-
,,,,,
,,,,,
,,,,,
,,,,,
,,,,,
,,,,,
,,,,,
20200616,1765,1765,1765,1765,-
,,,,,
,,,,,
,,,,,
,,,,,
,,,,,
,,,,,
,,,,,
20200617,1750,1750,1750,1765,300
,,,,,
,,,,,
,,,,,
,,,,,
,,,,,
,,,,,
,,,,,
20200618,1750,1750,1750,1750,-
,,,,,
,,,,,
,,,,,
,,,,,
,,,,,
,,,,,
,,,,,
20200619,1750,1750,1750,1750,-
,,,,,
,,,,,
,,,,,
,,,,,
,,,,,
,,,,,
,,,,,
20200622,1750,1750,1750,1750,-
,,,,,
,,,,,
,,,,,
,,,,,
,,,,,
,,,,,
,,,,,
20200623,1750,1750,1750,1750,-
,,,,,
,,,,,
,,,,,
,,,,,
,,,,,
,,,,,
,,,,,
20200624,1750,1750,1750,1750,-
,,,,,
,,,,,
,,,,,
,,,,,
,,,,,
,,,,,
,,,,,
20200625,1750,1750,1750,1750,-
,,,,,
,,,,,
,,,,,
,,,,,
,,,,,
,,,,,
,,,,,
20200626,1800,1800,1800,1750,3000
,,,,,
,,,,,
,,,,,
,,,,,
,,,,,
,,,,,
,,,,,
20200629,1800,1800,1800,1800,-
,,,,,
,,,,,
,,,,,
,,,,,
,,,,,
,,,,,
,,,,,
20200630,1800,1800,1800,1800,-
,,,,,
,,,,,
,,,,,
,,,,,
,,,,,
,,,,,
,,,,,
,,,,,
,,,,,
,,,,,
,,,,,
20200701,1805,1805,1805,1800,100
,,,,,
,,,,,
,,,,,
,,,,,
,,,,,
,,,,,
,,,,,
20200702,1805,1805,1805,1805,-
,,,,,
,,,,,
,,,,,
,,,,,
,,,,,
,,,,,
,,,,,
20200703,1805,1805,1805,1805,-
,,,,,
,,,,,
,,,,,
,,,,,
,,,,,
,,,,,
,,,,,
20200706,1805,1805,1805,1805,-
,,,,,
,,,,,
,,,,,
,,,,,
,,,,,
,,,,,
,,,,,
20200707,1805,1805,1805,1805,-
,,,,,
,,,,,
,,,,,
,,,,,
,,,,,
,,,,,
,,,,,
20200708,1835,1835,1835,1805,2200
,,,,,
,,,,,
,,,,,
,,,,,
,,,,,
,,,,,
,,,,,
20200709,1835,1835,1835,1835,-
,,,,,
,,,,,
,,,,,
,,,,,
,,,,,
,,,,,
,,,,,
20200710,1835,1835,1835,1835,-
,,,,,
,,,,,
,,,,,
,,,,,
,,,,,
,,,,,
,,,,,
20200713,1835,1835,1835,1835,-
,,,,,
,,,,,
,,,,,
,,,,,
,,,,,
,,,,,
,,,,,
20200714,1835,1835,1835,1835,-
,,,,,
,,,,,
,,,,,
,,,,,
,,,,,
,,,,,
,,,,,
20200715,1835,1835,1835,1835,-
,,,,,
,,,,,
,,,,,
,,,,,
,,,,,
,,,,,
,,,,,
20200716,1835,1835,1835,1835,-
,,,,,
,,,,,
,,,,,
,,,,,
,,,,,
,,,,,
,,,,,
20200717,1835,1835,1835,1835,-
,,,,,
,,,,,
,,,,,
,,,,,
,,,,,
,,,,,
,,,,,
20200720,1835,1835,1835,1835,-
,,,,,
,,,,,
,,,,,
,,,,,
,,,,,
,,,,,
,,,,,
20200721,1860,1860,1860,1835,100
,,,,,
,,,,,
,,,,,
,,,,,
,,,,,
,,,,,
,,,,,
20200722,1860,1860,1860,1860,-
,,,,,
,,,,,
,,,,,
,,,,,
,,,,,
,,,,,
,,,,,
20200723,1860,1860,1860,1860,-
,,,,,
,,,,,
,,,,,
,,,,,
,,,,,
,,,,,
,,,,,
20200724,1860,1860,1860,1860,-
,,,,,
,,,,,
,,,,,
,,,,,
,,,,,
,,,,,
,,,,,
20200727,1980,1980,1980,1860,500
,,,,,
,,,,,
,,,,,
,,,,,
,,,,,
,,,,,
,,,,,
20200728,1980,1980,1980,1980,100
,,,,,
,,,,,
,,,,,
,,,,,
,,,,,
,,,,,
,,,,,
20200729,1980,1980,1980,1980,-
,,,,,
,,,,,
,,,,,
,,,,,
,,,,,
,,,,,
,,,,,
20200730,1980,1980,1980,1980,-
,,,,,
,,,,,
,,,,,
,,,,,
,,,,,
,,,,,
,,,,,
20200731,1980,1980,1980,1980,-
,,,,,
,,,,,
,,,,,
,,,,,
,,,,,
,,,,,
,,,,,
,,,,,
,,,,,
,,,,,
,,,,,
20200803,1980,1980,1980,1980,-
,,,,,
,,,,,
,,,,,
,,,,,
,,,,,
,,,,,
,,,,,
20200804,1980,2025,1985,1980,10300
,,,,,
,,,,,
,,,,,
,,,,,
,,,,,
,,,,,
,,,,,
20200805,2040,2040,2040,1985,5000
,,,,,
,,,,,
,,,,,
,,,,,
,,,,,
,,,,,
,,,,,
20200806,2100,2100,2100,2040,900
,,,,,
,,,,,
,,,,,
,,,,,
,,,,,
,,,,,
,,,,,
20200807,2100,2100,2100,2100,-
,,,,,
,,,,,
,,,,,
,,,,,
,,,,,
,,,,,
,,,,,
20200810,2100,2100,2100,2100,-
,,,,,
,,,,,
,,,,,
,,,,,
,,,,,
,,,,,
,,,,,
20200811,2050,2050,2050,2100,500
,,,,,
,,,,,
,,,,,
,,,,,
,,,,,
,,,,,
,,,,,
20200812,1970,1970,1970,2050,13700
,,,,,
,,,,,
,,,,,
,,,,,
,,,,,
,,,,,
,,,,,
20200813,1970,1970,1970,1970,-
,,,,,
,,,,,
,,,,,
,,,,,
,,,,,
,,,,,
,,,,,
20200814,1970,1970,1970,1970,-
,,,,,
,,,,,
,,,,,
,,,,,
,,,,,
,,,,,
,,,,,
20200817,2010,2010,2010,1970,200
,,,,,
,,,,,
,,,,,
,,,,,
,,,,,
,,,,,
,,,,,
20200818,2010,2010,2010,2010,-
,,,,,
,,,,,
,,,,,
,,,,,
,,,,,
,,,,,
,,,,,
20200819,2010,2010,2010,2010,-
,,,,,
,,,,,
,,,,,
,,,,,
,,,,,
,,,,,
,,,,,
20200820,2010,2010,2010,2010,-
,,,,,
,,,,,
,,,,,
,,,,,
,,,,,
,,,,,
,,,,,
20200821,2010,2010,2010,2010,-
,,,,,
,,,,,
,,,,,
,,,,,
,,,,,
,,,,,
,,,,,
20200824,2010,2010,2010,2010,-
,,,,,
,,,,,
,,,,,
,,,,,
,,,,,
,,,,,
,,,,,
20200825,1945,1945,1945,2010,15900
,,,,,
,,,,,
,,,,,
,,,,,
,,,,,
,,,,,
,,,,,
20200826,1945,1945,1945,1945,-
,,,,,
,,,,,
,,,,,
,,,,,
,,,,,
,,,,,
,,,,,
20200827,1995,1995,1995,1945,200
,,,,,
,,,,,
,,,,,
,,,,,
,,,,,
,,,,,
,,,,,
20200828,1995,1995,1995,1995,-
,,,,,
,,,,,
,,,,,
,,,,,
,,,,,
,,,,,
,,,,,
20200831,1995,1995,1995,1995,-
,,,,,
,,,,,
,,,,,
,,,,,
,,,,,
,,,,,
,,,,,
,,,,,
,,,,,
,,,,,
,,,,,
20200901,1995,1995,1995,1995,-
,,,,,
,,,,,
,,,,,
,,,,,
,,,,,
,,,,,
,,,,,
20200902,1995,1995,1995,1995,-
,,,,,
,,,,,
,,,,,
,,,,,
,,,,,
,,,,,
,,,,,
20200903,1995,1995,1995,1995,-
,,,,,
,,,,,
,,,,,
,,,,,
,,,,,
,,,,,
,,,,,
20200904,1995,1995,1995,1995,-
,,,,,
,,,,,
,,,,,
,,,,,
,,,,,
,,,,,
,,,,,
20200907,1995,1995,1995,1995,-
,,,,,
,,,,,
,,,,,
,,,,,
,,,,,
,,,,,
,,,,,
20200908,1995,1995,1995,1995,-
,,,,,
,,,,,
,,,,,
,,,,,
,,,,,
,,,,,
,,,,,
20200909,1995,1995,1995,1995,-
,,,,,
,,,,,
,,,,,
,,,,,
,,,,,
,,,,,
,,,,,
20200910,1995,1995,1995,1995,-
,,,,,
,,,,,
,,,,,
,,,,,
,,,,,
,,,,,
,,,,,
20200911,1995,1995,1995,1995,-
,,,,,
,,,,,
,,,,,
,,,,,
,,,,,
,,,,,
,,,,,
20200914,1995,1995,1995,1995,-
,,,,,
,,,,,
,,,,,
,,,,,
,,,,,
,,,,,
,,,,,
20200915,1995,1995,1995,1995,-
,,,,,
,,,,,
,,,,,
,,,,,
,,,,,
,,,,,
,,,,,
20200916,1995,1995,1995,1995,-
,,,,,
,,,,,
,,,,,
,,,,,
,,,,,
,,,,,
,,,,,
20200917,2015,2015,2015,1995,100
,,,,,
,,,,,
,,,,,
,,,,,
,,,,,
,,,,,
,,,,,
20200918,2015,2015,2015,2015,-
,,,,,
,,,,,
,,,,,
,,,,,
,,,,,
,,,,,
,,,,,
20200921,2015,2015,2015,2015,-
,,,,,
,,,,,
,,,,,
,,,,,
,,,,,
,,,,,
,,,,,
20200922,2015,2015,2015,2015,-
,,,,,
,,,,,
,,,,,
,,,,,
,,,,,
,,,,,
,,,,,
20200923,2015,2015,2015,2015,-
,,,,,
,,,,,
,,,,,
,,,,,
,,,,,
,,,,,
,,,,,
20200924,2015,2015,2015,2015,-
,,,,,
,,,,,
,,,,,
,,,,,
,,,,,
,,,,,
,,,,,
20200925,2015,2015,2015,2015,-
,,,,,
,,,,,
,,,,,
,,,,,
,,,,,
,,,,,
,,,,,
20200928,2015,2015,2015,2015,-
,,,,,
,,,,,
,,,,,
,,,,,
,,,,,
,,,,,
,,,,,
20200929,2015,2015,2015,2015,-
,,,,,
,,,,,
,,,,,
,,,,,
,,,,,
,,,,,
,,,,,
20200930,1960,1960,1960,2015,100
,,,,,
,,,,,
,,,,,
,,,,,
,,,,,
,,,,,
,,,,,
,,,,,
,,,,,
,,,,,
,,,,,
20201001,1960,1960,1960,1960,-
,,,,,
,,,,,
,,,,,
,,,,,
,,,,,
,,,,,
,,,,,
20201002,1960,1960,1960,1960,-
,,,,,
,,,,,
,,,,,
,,,,,
,,,,,
,,,,,
,,,,,
20201005,1960,1960,1960,1960,-
,,,,,
,,,,,
,,,,,
,,,,,
,,,,,
,,,,,
,,,,,
20201006,1960,1960,1960,1960,-
,,,,,
,,,,,
,,,,,
,,,,,
,,,,,
,,,,,
,,,,,
20201007,1960,1960,1960,1960,-
,,,,,
,,,,,
,,,,,
,,,,,
,,,,,
,,,,,
,,,,,
20201008,1965,1965,1965,1960,300
,,,,,
,,,,,
,,,,,
,,,,,
,,,,,
,,,,,
,,,,,
20201009,1965,1965,1965,1965,-
,,,,,
,,,,,
,,,,,
,,,,,
,,,,,
,,,,,
,,,,,
20201012,1965,1965,1965,1965,-
,,,,,
,,,,,
,,,,,
,,,,,
,,,,,
,,,,,
,,,,,
20201013,1965,1965,1965,1965,-
,,,,,
,,,,,
,,,,,
,,,,,
,,,,,
,,,,,
,,,,,
20201014,1965,1965,1965,1965,-
,,,,,
,,,,,
,,,,,
,,,,,
,,,,,
,,,,,
,,,,,
20201015,1965,1965,1965,1965,-
,,,,,
,,,,,
,,,,,
,,,,,
,,,,,
,,,,,
,,,,,
20201016,1970,1970,1970,1965,100
,,,,,
,,,,,
,,,,,
,,,,,
,,,,,
,,,,,
,,,,,
20201019,1970,1970,1970,1970,-
,,,,,
,,,,,
,,,,,
,,,,,
,,,,,
,,,,,
,,,,,
20201021,1970,1970,1970,1970,-
,,,,,
,,,,,
,,,,,
,,,,,
,,,,,
,,,,,
,,,,,
20201022,1970,1970,1970,1970,-
,,,,,
,,,,,
,,,,,
,,,,,
,,,,,
,,,,,
,,,,,
20201023,1970,1970,1970,1970,-
,,,,,
,,,,,
,,,,,
,,,,,
,,,,,
,,,,,
,,,,,
20201026,1970,1970,1970,1970,-
,,,,,
,,,,,
,,,,,
,,,,,
,,,,,
,,,,,
,,,,,
20201027,1970,1970,1970,1970,-
,,,,,
,,,,,
,,,,,
,,,,,
,,,,,
,,,,,
,,,,,
20201028,1970,1970,1970,1970,-
,,,,,
,,,,,
,,,,,
,,,,,
,,,,,
,,,,,
,,,,,
20201029,1970,1970,1970,1970,-
,,,,,
,,,,,
,,,,,
,,,,,
,,,,,
,,,,,
,,,,,
20201030,1970,1970,1970,1970,-
,,,,,
,,,,,
,,,,,
,,,,,
,,,,,
,,,,,
,,,,,
,,,,,
,,,,,
,,,,,
,,,,,
20201102,1970,1970,1970,1970,-
,,,,,
,,,,,
,,,,,
,,,,,
,,,,,
,,,,,
,,,,,
20201103,1970,1970,1970,1970,-
,,,,,
,,,,,
,,,,,
,,,,,
,,,,,
,,,,,
,,,,,
20201104,1970,1970,1970,1970,-
,,,,,
,,,,,
,,,,,
,,,,,
,,,,,
,,,,,
,,,,,
20201105,1970,1970,1970,1970,-
,,,,,
,,,,,
,,,,,
,,,,,
,,,,,
,,,,,
,,,,,
20201106,1970,1970,1970,1970,-
,,,,,
,,,,,
,,,,,
,,,,,
,,,,,
,,,,,
,,,,,
20201109,1970,1970,1970,1970,-
,,,,,
,,,,,
,,,,,
,,,,,
,,,,,
,,,,,
,,,,,
20201110,1970,1970,1970,1970,-
,,,,,
,,,,,
,,,,,
,,,,,
,,,,,
,,,,,
,,,,,
20201111,1970,1970,1970,1970,-
,,,,,
,,,,,
,,,,,
,,,,,
,,,,,
,,,,,
,,,,,
20201112,1970,1970,1970,1970,-
,,,,,
,,,,,
,,,,,
,,,,,
,,,,,
,,,,,
,,,,,
20201113,1970,1970,1970,1970,-
,,,,,
,,,,,
,,,,,
,,,,,
,,,,,
,,,,,
,,,,,
20201116,1970,1970,1970,1970,-
,,,,,
,,,,,
,,,,,
,,,,,
,,,,,
,,,,,
,,,,,
20201117,1970,1975,1975,1970,1500
,,,,,
,,,,,
,,,,,
,,,,,
,,,,,
,,,,,
,,,,,
20201118,1975,1975,1975,1975,-
,,,,,
,,,,,
,,,,,
,,,,,
,,,,,
,,,,,
,,,,,
20201119,1975,1975,1975,1975,-
,,,,,
,,,,,
,,,,,
,,,,,
,,,,,
,,,,,
,,,,,
20201120,1975,1975,1975,1975,-
,,,,,
,,,,,
,,,,,
,,,,,
,,,,,
,,,,,
,,,,,
20201123,1975,1975,1975,1975,-
,,,,,
,,,,,
,,,,,
,,,,,
,,,,,
,,,,,
,,,,,
20201124,1975,1975,1975,1975,-
,,,,,
,,,,,
,,,,,
,,,,,
,,,,,
,,,,,
,,,,,
20201125,1915,1915,1915,1975,200
,,,,,
,,,,,
,,,,,
,,,,,
,,,,,
,,,,,
,,,,,
20201126,1915,1915,1915,1915,-
,,,,,
,,,,,
,,,,,
,,,,,
,,,,,
,,,,,
,,,,,
20201127,1915,1915,1915,1915,-
,,,,,
,,,,,
,,,,,
,,,,,
,,,,,
,,,,,
,,,,,
20201130,1930,1930,1930,1915,300
,,,,,
,,,,,
,,,,,
,,,,,
,,,,,
,,,,,
,,,,,
,,,,,
,,,,,
,,,,,
,,,,,
20201201,1930,1930,1930,1930,-
,,,,,
,,,,,
,,,,,
,,,,,
,,,,,
,,,,,
,,,,,
20201202,1930,1930,1930,1930,-
,,,,,
,,,,,
,,,,,
,,,,,
,,,,,
,,,,,
,,,,,
20201203,1930,1960,1955,1930,1900
,,,,,
,,,,,
,,,,,
,,,,,
,,,,,
,,,,,
,,,,,
20201204,1955,1955,1955,1955,-
,,,,,
,,,,,
,,,,,
,,,,,
,,,,,
,,,,,
,,,,,
20201207,1890,1890,1890,1955,200
,,,,,
,,,,,
,,,,,
,,,,,
,,,,,
,,,,,
,,,,,
20201208,1890,1890,1890,1890,-
,,,,,
,,,,,
,,,,,
,,,,,
,,,,,
,,,,,
,,,,,
20201209,1890,1890,1890,1890,-
,,,,,
,,,,,
,,,,,
,,,,,
,,,,,
,,,,,
,,,,,
20201210,1890,1890,1890,1890,-
,,,,,
,,,,,
,,,,,
,,,,,
,,,,,
,,,,,
,,,,,
20201211,1890,1890,1890,1890,-
,,,,,
,,,,,
,,,,,
,,,,,
,,,,,
,,,,,
,,,,,
20201214,2100,2100,2100,1890,800
,,,,,
,,,,,
,,,,,
,,,,,
,,,,,
,,,,,
,,,,,
20201215,2100,2100,2100,2100,-
,,,,,
,,,,,
,,,,,
,,,,,
,,,,,
,,,,,
,,,,,
20201216,2100,2100,2100,2100,-
,,,,,
,,,,,
,,,,,
,,,,,
,,,,,
,,,,,
,,,,,
20201217,2100,2100,2100,2100,-
,,,,,
,,,,,
,,,,,
,,,,,
,,,,,
,,,,,
,,,,,
20201218,2100,2100,2100,2100,-
,,,,,
,,,,,
,,,,,
,,,,,
,,,,,
,,,,,
,,,,,
20201221,2100,2100,2100,2100,-
,,,,,
,,,,,
,,,,,
,,,,,
,,,,,
,,,,,
,,,,,
20201222,2100,2100,2100,2100,-
,,,,,
,,,,,
,,,,,
,,,,,
,,,,,
,,,,,
,,,,,
20201223,1955,1955,1955,2100,100
,,,,,
,,,,,
,,,,,
,,,,,
,,,,,
,,,,,
,,,,,
20201224,1955,1955,1955,1955,-
,,,,,
,,,,,
,,,,,
,,,,,
,,,,,
,,,,,
,,,,,
20201228,1975,1975,1975,1955,100
,,,,,
,,,,,
,,,,,
,,,,,
,,,,,
,,,,,
,,,,,
20201229,1975,1975,1975,1975,-
,,,,,
,,,,,
,,,,,
,,,,,
,,,,,
,,,,,
,,,,,
20201230,1975,1975,1975,1975,-
,,,,,
,,,,,
,,,,,
,,,,,
,,,,,
,,,,,
,,,,,
20201231,1975,1975,1975,1975,-
,,,,,
,,,,,
,,,,,
,,,,,
,,,,,
,,,,,
,,,,,
,,,,,
,,,,,
,,,,,
,,,,,
,,,,,
,,,,,
20210104,1975,1975,1975,1975,-
,,,,,
,,,,,
,,,,,
,,,,,
,,,,,
,,,,,
,,,,,
20210105,1975,1975,1975,1975,-
,,,,,
,,,,,
,,,,,
,,,,,
,,,,,
,,,,,
,,,,,
20210106,1975,1975,1975,1975,-
,,,,,
,,,,,
,,,,,
,,,,,
,,,,,
,,,,,
,,,,,
20210107,1975,1975,1975,1975,-
,,,,,
,,,,,
,,,,,
,,,,,
,,,,,
,,,,,
,,,,,
20210108,1975,1975,1975,1975,-
,,,,,
,,,,,
,,,,,
,,,,,
,,,,,
,,,,,
,,,,,
20210111,1975,1975,1975,1975,-
,,,,,
,,,,,
,,,,,
,,,,,
,,,,,
,,,,,
,,,,,
20210112,1975,1975,1975,1975,-
,,,,,
,,,,,
,,,,,
,,,,,
,,,,,
,,,,,
,,,,,
20210113,1975,1975,1975,1975,-
,,,,,
,,,,,
,,,,,
,,,,,
,,,,,
,,,,,
,,,,,
20210114,1975,1975,1975,1975,-
,,,,,
,,,,,
,,,,,
,,,,,
,,,,,
,,,,,
,,,,,
20210115,1975,1975,1975,1975,-
,,,,,
,,,,,
,,,,,
,,,,,
,,,,,
,,,,,
,,,,,
20210118,1975,1975,1975,1975,-
,,,,,
,,,,,
,,,,,
,,,,,
,,,,,
,,,,,
,,,,,
20210119,1975,1975,1975,1975,-
,,,,,
,,,,,
,,,,,
,,,,,
,,,,,
,,,,,
,,,,,
20210120,1975,1975,1975,1975,-
,,,,,
,,,,,
,,,,,
,,,,,
,,,,,
,,,,,
,,,,,
20210121,1975,1975,1975,1975,-
,,,,,
,,,,,
,,,,,
,,,,,
,,,,,
,,,,,
,,,,,
20210122,1975,1975,1975,1975,-
,,,,,
,,,,,
,,,,,
,,,,,
,,,,,
,,,,,
,,,,,
20210125,1975,1975,1975,1975,-
,,,,,
,,,,,
,,,,,
,,,,,
,,,,,
,,,,,
,,,,,
20210126,1975,1975,1975,1975,-
,,,,,
,,,,,
,,,,,
,,,,,
,,,,,
,,,,,
,,,,,
20210127,1975,1975,1975,1975,-
,,,,,
,,,,,
,,,,,
,,,,,
,,,,,
,,,,,
,,,,,
20210128,1975,1975,1975,1975,-
,,,,,
,,,,,
,,,,,
,,,,,
,,,,,
,,,,,
,,,,,
20210129,1975,1975,1975,1975,-
,,,,,
,,,,,
,,,,,
,,,,,
,,,,,
,,,,,
,,,,,
,,,,,
,,,,,
,,,,,
,,,,,
20210201,1975,1975,1975,1975,-
,,,,,
,,,,,
,,,,,
,,,,,
,,,,,
,,,,,
,,,,,
20210202,1975,1975,1975,1975,-
,,,,,
,,,,,
,,,,,
,,,,,
,,,,,
,,,,,
,,,,,
20210203,1975,1975,1975,1975,-
,,,,,
,,,,,
,,,,,
,,,,,
,,,,,
,,,,,
,,,,,
20210204,1975,1975,1975,1975,-
,,,,,
,,,,,
,,,,,
,,,,,
,,,,,
,,,,,
,,,,,
20210205,1975,1975,1975,1975,-
,,,,,
,,,,,
,,,,,
,,,,,
,,,,,
,,,,,
,,,,,
20210208,1975,1975,1975,1975,-
,,,,,
,,,,,
,,,,,
,,,,,
,,,,,
,,,,,
,,,,,
20210209,1975,1975,1975,1975,-
,,,,,
,,,,,
,,,,,
,,,,,
,,,,,
,,,,,
,,,,,
20210210,1975,1975,1975,1975,-
,,,,,
,,,,,
,,,,,
,,,,,
,,,,,
,,,,,
,,,,,
20210211,1975,1975,1975,1975,-
,,,,,
,,,,,
,,,,,
,,,,,
,,,,,
,,,,,
,,,,,
20210212,1975,1975,1975,1975,-
,,,,,
,,,,,
,,,,,
,,,,,
,,,,,
,,,,,
,,,,,
20210215,1975,1975,1975,1975,-
,,,,,
,,,,,
,,,,,
,,,,,
,,,,,
,,,,,
,,,,,
20210216,1975,1975,1975,1975,-
,,,,,
,,,,,
,,,,,
,,,,,
,,,,,
,,,,,
,,,,,
20210217,1855,1855,1855,1975,29200
,,,,,
,,,,,
,,,,,
,,,,,
,,,,,
,,,,,
,,,,,
20210218,1855,1855,1855,1855,-
,,,,,
,,,,,
,,,,,
,,,,,
,,,,,
,,,,,
,,,,,
20210219,1855,1855,1855,1855,-
,,,,,
,,,,,
,,,,,
,,,,,
,,,,,
,,,,,
,,,,,
20210222,1855,1855,1855,1855,-
,,,,,
,,,,,
,,,,,
,,,,,
,,,,,
,,,,,
,,,,,
20210223,1855,1855,1855,1855,-
,,,,,
,,,,,
,,,,,
,,,,,
,,,,,
,,,,,
,,,,,
20210224,1855,1855,1855,1855,-
,,,,,
,,,,,
,,,,,
,,,,,
,,,,,
,,,,,
,,,,,
20210225,1855,1855,1855,1855,-
,,,,,
,,,,,
,,,,,
,,,,,
,,,,,
,,,,,
,,,,,
20210226,1855,1855,1855,1855,-
,,,,,
,,,,,
,,,,,
,,,,,
,,,,,
,,,,,
,,,,,
,,,,,
,,,,,
,,,,,
,,,,,
20210301,1855,1855,1855,1855,-
,,,,,
,,,,,
,,,,,
,,,,,
,,,,,
,,,,,
,,,,,
20210302,1855,1855,1855,1855,-
,,,,,
,,,,,
,,,,,
,,,,,
,,,,,
,,,,,
,,,,,
20210303,1855,1855,1855,1855,-
,,,,,
,,,,,
,,,,,
,,,,,
,,,,,
,,,,,
,,,,,
20210304,1855,1855,1855,1855,-
,,,,,
,,,,,
,,,,,
,,,,,
,,,,,
,,,,,
,,,,,
20210305,1855,1855,1855,1855,-
,,,,,
,,,,,
,,,,,
,,,,,
,,,,,
,,,,,
,,,,,
20210308,1855,1855,1855,1855,-
,,,,,
,,,,,
,,,,,
,,,,,
,,,,,
,,,,,
,,,,,
20210309,1855,1855,1855,1855,-
,,,,,
,,,,,
,,,,,
,,,,,
,,,,,
,,,,,
,,,,,
20210310,1855,1855,1855,1855,-
,,,,,
,,,,,
,,,,,
,,,,,
,,,,,
,,,,,
,,,,,
20210311,1855,1855,1855,1855,-
,,,,,
,,,,,
,,,,,
,,,,,
,,,,,
,,,,,
,,,,,
20210312,1855,1855,1855,1855,-
,,,,,
,,,,,
,,,,,
,,,,,
,,,,,
,,,,,
,,,,,
20210315,1855,1855,1855,1855,-
,,,,,
,,,,,
,,,,,
,,,,,
,,,,,
,,,,,
,,,,,
20210316,1855,1855,1855,1855,-
,,,,,
,,,,,
,,,,,
,,,,,
,,,,,
,,,,,
,,,,,
20210317,1855,1855,1855,1855,-
,,,,,
,,,,,
,,,,,
,,,,,
,,,,,
,,,,,
,,,,,
20210318,1855,1855,1855,1855,-
,,,,,
,,,,,
,,,,,
,,,,,
,,,,,
,,,,,
,,,,,
20210319,1855,1855,1855,1855,-
,,,,,
,,,,,
,,,,,
,,,,,
,,,,,
,,,,,
,,,,,
20210322,1855,1855,1855,1855,-
,,,,,
,,,,,
,,,,,
,,,,,
,,,,,
,,,,,
,,,,,
20210323,1855,1855,1855,1855,-
,,,,,
,,,,,
,,,,,
,,,,,
,,,,,
,,,,,
,,,,,
20210324,1855,1855,1855,1855,-
,,,,,
,,,,,
,,,,,
,,,,,
,,,,,
,,,,,
,,,,,
20210325,1855,1855,1855,1855,-
,,,,,
,,,,,
,,,,,
,,,,,
,,,,,
,,,,,
,,,,,
20210326,1855,1855,1855,1855,-
,,,,,
,,,,,
,,,,,
,,,,,
,,,,,
,,,,,
,,,,,
20210329,1855,1855,1855,1855,-
,,,,,
,,,,,
,,,,,
,,,,,
,,,,,
,,,,,
,,,,,
20210330,1855,1855,1855,1855,-
,,,,,
,,,,,
,,,,,
,,,,,
,,,,,
,,,,,
,,,,,
20210331,1855,1855,1855,1855,-
,,,,,
,,,,,
,,,,,
,,,,,
,,,,,
,,,,,
,,,,,
,,,,,
,,,,,
,,,,,
,,,,,
20210401,1855,1855,1855,1855,-
,,,,,
,,,,,
,,,,,
,,,,,
,,,,,
,,,,,
,,,,,
20210406,1855,1855,1855,1855,-
,,,,,
,,,,,
,,,,,
,,,,,
,,,,,
,,,,,
,,,,,
20210407,1855,1855,1855,1855,-
,,,,,
,,,,,
,,,,,
,,,,,
,,,,,
,,,,,
,,,,,
20210408,1855,1855,1855,1855,-
,,,,,
,,,,,
,,,,,
,,,,,
,,,,,
,,,,,
,,,,,
20210409,1855,1855,1855,1855,-
,,,,,
,,,,,
,,,,,
,,,,,
,,,,,
,,,,,
,,,,,
20210412,1855,1855,1855,1855,-
,,,,,
,,,,,
,,,,,
,,,,,
,,,,,
,,,,,
,,,,,
20210413,1855,1855,1855,1855,-
,,,,,
,,,,,
,,,,,
,,,,,
,,,,,
,,,,,
,,,,,
20210414,1855,1855,1855,1855,-
,,,,,
,,,,,
,,,,,
,,,,,
,,,,,
,,,,,
,,,,,
20210415,1855,1855,1855,1855,-
,,,,,
,,,,,
,,,,,
,,,,,
,,,,,
,,,,,
,,,,,
20210416,1855,1855,1855,1855,-
,,,,,
,,,,,
,,,,,
,,,,,
,,,,,
,,,,,
,,,,,
20210419,1855,1855,1855,1855,-
,,,,,
,,,,,
,,,,,
,,,,,
,,,,,
,,,,,
,,,,,
20210420,1855,1855,1855,1855,-
,,,,,
,,,,,
,,,,,
,,,,,
,,,,,
,,,,,
,,,,,
20210421,1855,1855,1855,1855,-
,,,,,
,,,,,
,,,,,
,,,,,
,,,,,
,,,,,
,,,,,
20210422,1855,1855,1855,1855,-
,,,,,
,,,,,
,,,,,
,,,,,
,,,,,
,,,,,
,,,,,
20210423,1855,1855,1855,1855,-
,,,,,
,,,,,
,,,,,
,,,,,
,,,,,
,,,,,
,,,,,
20210426,1855,1855,1855,1855,-
,,,,,
,,,,,
,,,,,
,,,,,
,,,,,
,,,,,
,,,,,
20210427,1855,1855,1855,1855,-
,,,,,
,,,,,
,,,,,
,,,,,
,,,,,
,,,,,
,,,,,
20210428,1855,1855,1855,1855,-
,,,,,
,,,,,
,,,,,
,,,,,
,,,,,
,,,,,
,,,,,
20210429,1855,1855,1855,1855,-
,,,,,
,,,,,
,,,,,
,,,,,
,,,,,
,,,,,
,,,,,
20210430,1855,1855,1855,1855,-
,,,,,
,,,,,
,,,,,
,,,,,
,,,,,
,,,,,
,,,,,
,,,,,
,,,,,
,,,,,
,,,,,
20210503,1855,1855,1855,1855,-
,,,,,
,,,,,
,,,,,
,,,,,
,,,,,
,,,,,
,,,,,
20210504,1855,1855,1855,1855,-
,,,,,
,,,,,
,,,,,
,,,,,
,,,,,
,,,,,
,,,,,
20210505,1855,1855,1855,1855,-
,,,,,
,,,,,
,,,,,
,,,,,
,,,,,
,,,,,
,,,,,
20210506,1855,1855,1855,1855,-
,,,,,
,,,,,
,,,,,
,,,,,
,,,,,
,,,,,
,,,,,
20210507,1855,1855,1855,1855,-
,,,,,
,,,,,
,,,,,
,,,,,
,,,,,
,,,,,
,,,,,
20210510,1855,1855,1855,1855,-
,,,,,
,,,,,
,,,,,
,,,,,
,,,,,
,,,,,
,,,,,
20210511,1855,1855,1855,1855,-
,,,,,
,,,,,
,,,,,
,,,,,
,,,,,
,,,,,
,,,,,
20210512,1855,1855,1855,1855,-
,,,,,
,,,,,
,,,,,
,,,,,
,,,,,
,,,,,
,,,,,
20210513,1855,1855,1855,1855,-
,,,,,
,,,,,
,,,,,
,,,,,
,,,,,
,,,,,
,,,,,
20210514,1855,1855,1855,1855,-
,,,,,
,,,,,
,,,,,
,,,,,
,,,,,
,,,,,
,,,,,
20210517,1855,1855,1855,1855,-
,,,,,
,,,,,
,,,,,
,,,,,
,,,,,
,,,,,
,,,,,
20210518,1860,1860,1860,1855,700
,,,,,
,,,,,
,,,,,
,,,,,
,,,,,
,,,,,
,,,,,
20210519,1860,1860,1860,1860,-
,,,,,
,,,,,
,,,,,
,,,,,
,,,,,
,,,,,
,,,,,
20210520,1860,1860,1860,1860,-
,,,,,
,,,,,
,,,,,
,,,,,
,,,,,
,,,,,
,,,,,
20210521,1860,1860,1860,1860,-
,,,,,
,,,,,
,,,,,
,,,,,
,,,,,
,,,,,
,,,,,
20210524,1860,1860,1860,1860,-
,,,,,
,,,,,
,,,,,
,,,,,
,,,,,
,,,,,
,,,,,
20210525,1860,1860,1860,1860,-
,,,,,
,,,,,
,,,,,
,,,,,
,,,,,
,,,,,
,,,,,
20210526,1860,1860,1860,1860,-
,,,,,
,,,,,
,,,,,
,,,,,
,,,,,
,,,,,
,,,,,
20210527,1860,1860,1860,1860,-
,,,,,
,,,,,
,,,,,
,,,,,
,,,,,
,,,,,
,,,,,
20210528,1860,1860,1860,1860,-
,,,,,
,,,,,
,,,,,
,,,,,
,,,,,
,,,,,
,,,,,
20210531,1860,1860,1860,1860,-
,,,,,
,,,,,
,,,,,
,,,,,
,,,,,
,,,,,
,,,,,
,,,,,
,,,,,
,,,,,
,,,,,
20210602,1890,1890,1890,1860,100
,,,,,
,,,,,
,,,,,
,,,,,
,,,,,
,,,,,
,,,,,
20210603,1890,1890,1890,1890,-
,,,,,
,,,,,
,,,,,
,,,,,
,,,,,
,,,,,
,,,,,
20210604,1890,1890,1890,1890,-
,,,,,
,,,,,
,,,,,
,,,,,
,,,,,
,,,,,
,,,,,
20210607,1890,1890,1890,1890,-
,,,,,
,,,,,
,,,,,
,,,,,
,,,,,
,,,,,
,,,,,
20210608,1890,1890,1890,1890,-
,,,,,
,,,,,
,,,,,
,,,,,
,,,,,
,,,,,
,,,,,
20210609,1890,1890,1890,1890,-
,,,,,
,,,,,
,,,,,
,,,,,
,,,,,
,,,,,
,,,,,
20210610,1890,1890,1890,1890,-
,,,,,
,,,,,
,,,,,
,,,,,
,,,,,
,,,,,
,,,,,
20210611,1890,1890,1890,1890,-
,,,,,
,,,,,
,,,,,
,,,,,
,,,,,
,,,,,
,,,,,
20210614,1890,1890,1890,1890,-
,,,,,
,,,,,
,,,,,
,,,,,
,,,,,
,,,,,
,,,,,
20210615,1890,1890,1890,1890,-
,,,,,
,,,,,
,,,,,
,,,,,
,,,,,
,,,,,
,,,,,
20210616,1890,1890,1890,1890,-
,,,,,
,,,,,
,,,,,
,,,,,
,,,,,
,,,,,
,,,,,
20210617,1890,1890,1890,1890,-
,,,,,
,,,,,
,,,,,
,,,,,
,,,,,
,,,,,
,,,,,
20210618,1890,1890,1890,1890,-
,,,,,
,,,,,
,,,,,
,,,,,
,,,,,
,,,,,
,,,,,
20210621,1890,1890,1890,1890,-
,,,,,
,,,,,
,,,,,
,,,,,
,,,,,
,,,,,
,,,,,
20210622,1890,1890,1890,1890,-
,,,,,
,,,,,
,,,,,
,,,,,
,,,,,
,,,,,
,,,,,
20210623,1890,1890,1890,1890,-
,,,,,
,,,,,
,,,,,
,,,,,
,,,,,
,,,,,
,,,,,
20210624,1890,1890,1890,1890,-
,,,,,
,,,,,
,,,,,
,,,,,
,,,,,
,,,,,
,,,,,
20210625,1890,1890,1890,1890,-
,,,,,
,,,,,
,,,,,
,,,,,
,,,,,
,,,,,
,,,,,
20210628,1890,1890,1890,1890,-
,,,,,
,,,,,
,,,,,
,,,,,
,,,,,
,,,,,
,,,,,
20210629,1890,1890,1890,1890,-
,,,,,
,,,,,
,,,,,
,,,,,
,,,,,
,,,,,
,,,,,
20210630,1890,1890,1890,1890,-
,,,,,
,,,,,
,,,,,
,,,,,
,,,,,
,,,,,
,,,,,
,,,,,
,,,,,
,,,,,
,,,,,
20210701,1890,1890,1890,1890,-
,,,,,
,,,,,
,,,,,
,,,,,
,,,,,
,,,,,
,,,,,
20210702,1890,1890,1890,1890,-
,,,,,
,,,,,
,,,,,
,,,,,
,,,,,
,,,,,
,,,,,
20210705,1890,1890,1890,1890,-
,,,,,
,,,,,
,,,,,
,,,,,
,,,,,
,,,,,
,,,,,
20210706,1890,1890,1890,1890,-
,,,,,
,,,,,
,,,,,
,,,,,
,,,,,
,,,,,
,,,,,
20210707,1890,1890,1890,1890,-
,,,,,
,,,,,
,,,,,
,,,,,
,,,,,
,,,,,
,,,,,
20210708,1890,1890,1890,1890,-
,,,,,
,,,,,
,,,,,
,,,,,
,,,,,
,,,,,
,,,,,
20210709,1890,1890,1890,1890,-
,,,,,
,,,,,
,,,,,
,,,,,
,,,,,
,,,,,
,,,,,
20210712,1890,1890,1890,1890,-
,,,,,
,,,,,
,,,,,
,,,,,
,,,,,
,,,,,
,,,,,
20210713,1890,1890,1890,1890,-
,,,,,
,,,,,
,,,,,
,,,,,
,,,,,
,,,,,
,,,,,
20210714,1890,1890,1890,1890,-
,,,,,
,,,,,
,,,,,
,,,,,
,,,,,
,,,,,
,,,,,
20210715,1890,1890,1890,1890,-
,,,,,
,,,,,
,,,,,
,,,,,
,,,,,
,,,,,
,,,,,
20210716,1890,1890,1890,1890,-
,,,,,
,,,,,
,,,,,
,,,,,
,,,,,
,,,,,
,,,,,
20210719,1890,1890,1890,1890,-
,,,,,
,,,,,
,,,,,
,,,,,
,,,,,
,,,,,
,,,,,
20210720,1890,1890,1890,1890,-
,,,,,
,,,,,
,,,,,
,,,,,
,,,,,
,,,,,
,,,,,
20210721,1890,1890,1890,1890,-
,,,,,
,,,,,
,,,,,
,,,,,
,,,,,
,,,,,
,,,,,
20210722,1890,1890,1890,1890,-
,,,,,
,,,,,
,,,,,
,,,,,
,,,,,
,,,,,
,,,,,
20210723,1890,1890,1890,1890,-
,,,,,
,,,,,
,,,,,
,,,,,
,,,,,
,,,,,
,,,,,
20210726,1890,1890,1890,1890,-
,,,,,
,,,,,
,,,,,
,,,,,
,,,,,
,,,,,
,,,,,
20210727,1890,1890,1890,1890,-
,,,,,
,,,,,
,,,,,
,,,,,
,,,,,
,,,,,
,,,,,
20210728,1890,1890,1890,1890,-
,,,,,
,,,,,
,,,,,
,,,,,
,,,,,
,,,,,
,,,,,
20210729,1890,1890,1890,1890,-
,,,,,
,,,,,
,,,,,
,,,,,
,,,,,
,,,,,
,,,,,
20210730,1890,1890,1890,1890,-
,,,,,
,,,,,
,,,,,
,,,,,
,,,,,
,,,,,
,,,,,
,,,,,
,,,,,
,,,,,
,,,,,
20210802,1890,1890,1890,1890,-
,,,,,
,,,,,
,,,,,
,,,,,
,,,,,
,,,,,
,,,,,
20210803,1890,1890,1890,1890,-
,,,,,
,,,,,
,,,,,
,,,,,
,,,,,
,,,,,
,,,,,
20210804,1890,1890,1890,1890,-
,,,,,
,,,,,
,,,,,
,,,,,
,,,,,
,,,,,
,,,,,
20210805,1890,1890,1890,1890,-
,,,,,
,,,,,
,,,,,
,,,,,
,,,,,
,,,,,
,,,,,
20210806,1890,1890,1890,1890,-
,,,,,
,,,,,
,,,,,
,,,,,
,,,,,
,,,,,
,,,,,
20210809,1890,1890,1890,1890,-
,,,,,
,,,,,
,,,,,
,,,,,
,,,,,
,,,,,
,,,,,
20210810,1890,1890,1890,1890,-
,,,,,
,,,,,
,,,,,
,,,,,
,,,,,
,,,,,
,,,,,
20210811,1890,1890,1890,1890,-
,,,,,
,,,,,
,,,,,
,,,,,
,,,,,
,,,,,
,,,,,
20210812,1890,1890,1890,1890,-
,,,,,
,,,,,
,,,,,
,,,,,
,,,,,
,,,,,
,,,,,
20210813,1890,1890,1890,1890,-
,,,,,
,,,,,
,,,,,
,,,,,
,,,,,
,,,,,
,,,,,
20210816,1890,1890,1890,1890,-
,,,,,
,,,,,
,,,,,
,,,,,
,,,,,
,,,,,
,,,,,
20210817,1890,1890,1890,1890,-
,,,,,
,,,,,
,,,,,
,,,,,
,,,,,
,,,,,
,,,,,
20210818,1890,1890,1890,1890,-
,,,,,
,,,,,
,,,,,
,,,,,
,,,,,
,,,,,
,,,,,
20210819,1890,1890,1890,1890,-
,,,,,
,,,,,
,,,,,
,,,,,
,,,,,
,,,,,
,,,,,
20210820,1890,1890,1890,1890,-
,,,,,
,,,,,
,,,,,
,,,,,
,,,,,
,,,,,
,,,,,
20210823,1890,1890,1890,1890,-
,,,,,
,,,,,
,,,,,
,,,,,
,,,,,
,,,,,
,,,,,
20210824,1890,1890,1890,1890,-
,,,,,
,,,,,
,,,,,
,,,,,
,,,,,
,,,,,
,,,,,
20210825,1890,1890,1890,1890,-
,,,,,
,,,,,
,,,,,
,,,,,
,,,,,
,,,,,
,,,,,
20210826,1890,1890,1890,1890,-
,,,,,
,,,,,
,,,,,
,,,,,
,,,,,
,,,,,
,,,,,
20210827,1890,1890,1890,1890,-
,,,,,
,,,,,
,,,,,
,,,,,
,,,,,
,,,,,
,,,,,
20210830,1890,1890,1890,1890,-
,,,,,
,,,,,
,,,,,
,,,,,
,,,,,
,,,,,
,,,,,
20210831,1890,1890,1890,1890,-
,,,,,
,,,,,
,,,,,
,,,,,
,,,,,
,,,,,
,,,,,
,,,,,
,,,,,
,,,,,
,,,,,
20210901,1890,1890,1890,1890,-
,,,,,
,,,,,
,,,,,
,,,,,
,,,,,
,,,,,
,,,,,
20210902,1890,1890,1890,1890,-
,,,,,
,,,,,
,,,,,
,,,,,
,,,,,
,,,,,
,,,,,
20210903,1890,1890,1890,1890,-
,,,,,
,,,,,
,,,,,
,,,,,
,,,,,
,,,,,
,,,,,
20210906,1890,1890,1890,1890,-
,,,,,
,,,,,
,,,,,
,,,,,
,,,,,
,,,,,
,,,,,
20210907,1890,1890,1890,1890,-
,,,,,
,,,,,
,,,,,
,,,,,
,,,,,
,,,,,
,,,,,
20210908,1890,1890,1890,1890,-
,,,,,
,,,,,
,,,,,
,,,,,
,,,,,
,,,,,
,,,,,
20210909,1890,1890,1890,1890,-
,,,,,
,,,,,
,,,,,
,,,,,
,,,,,
,,,,,
,,,,,
20210910,1890,1890,1890,1890,-
,,,,,
,,,,,
,,,,,
,,,,,
,,,,,
,,,,,
,,,,,
20210913,1890,1890,1890,1890,-
,,,,,
,,,,,
,,,,,
,,,,,
,,,,,
,,,,,
,,,,,
20210914,1890,1890,1890,1890,-
,,,,,
,,,,,
,,,,,
,,,,,
,,,,,
,,,,,
,,,,,
20210915,1830,1830,1830,1890,34600
,,,,,
,,,,,
,,,,,
,,,,,
,,,,,
,,,,,
,,,,,
20210916,1830,1830,1830,1830,-
,,,,,
,,,,,
,,,,,
,,,,,
,,,,,
,,,,,
,,,,,
20210917,1830,1830,1830,1830,-
,,,,,
,,,,,
,,,,,
,,,,,
,,,,,
,,,,,
,,,,,
20210920,1830,1830,1830,1830,-
,,,,,
,,,,,
,,,,,
,,,,,
,,,,,
,,,,,
,,,,,
20210921,1830,1830,1830,1830,-
,,,,,
,,,,,
,,,,,
,,,,,
,,,,,
,,,,,
,,,,,
20210922,1855,1855,1855,1830,100
,,,,,
,,,,,
,,,,,
,,,,,
,,,,,
,,,,,
,,,,,
20210923,1855,1855,1855,1855,-
,,,,,
,,,,,
,,,,,
,,,,,
,,,,,
,,,,,
,,,,,
20210924,1855,1855,1855,1855,-
,,,,,
,,,,,
,,,,,
,,,,,
,,,,,
,,,,,
,,,,,
20210927,1855,1855,1855,1855,-
,,,,,
,,,,,
,,,,,
,,,,,
,,,,,
,,,,,
,,,,,
20210928,1855,1855,1855,1855,-
,,,,,
,,,,,
,,,,,
,,,,,
,,,,,
,,,,,
,,,,,
20210929,1855,1855,1855,1855,-
,,,,,
,,,,,
,,,,,
,,,,,
,,,,,
,,,,,
,,,,,
20210930,1855,1855,1855,1855,-
,,,,,
,,,,,
,,,,,
,,,,,
,,,,,
,,,,,
,,,,,
,,,,,
,,,,,
,,,,,
,,,,,
20211001,1855,1855,1855,1855,-
,,,,,
,,,,,
,,,,,
,,,,,
,,,,,
,,,,,
,,,,,
20211004,1855,1855,1855,1855,-
,,,,,
,,,,,
,,,,,
,,,,,
,,,,,
,,,,,
,,,,,
20211005,1855,1855,1855,1855,-
,,,,,
,,,,,
,,,,,
,,,,,
,,,,,
,,,,,
,,,,,
20211006,1855,1855,1855,1855,-
,,,,,
,,,,,
,,,,,
,,,,,
,,,,,
,,,,,
,,,,,
20211007,1855,1855,1855,1855,-
,,,,,
,,,,,
,,,,,
,,,,,
,,,,,
,,,,,
,,,,,
20211008,1855,1855,1855,1855,-
,,,,,
,,,,,
,,,,,
,,,,,
,,,,,
,,,,,
,,,,,
20211011,1855,1855,1855,1855,-
,,,,,
,,,,,
,,,,,
,,,,,
,,,,,
,,,,,
,,,,,
20211012,1855,1855,1855,1855,-
,,,,,
,,,,,
,,,,,
,,,,,
,,,,,
,,,,,
,,,,,
20211013,1855,1855,1855,1855,-
,,,,,
,,,,,
,,,,,
,,,,,
,,,,,
,,,,,
,,,,,
20211014,1855,1855,1855,1855,-
,,,,,
,,,,,
,,,,,
,,,,,
,,,,,
,,,,,
,,,,,
20211015,1855,1855,1855,1855,-
,,,,,
,,,,,
,,,,,
,,,,,
,,,,,
,,,,,
,,,,,
20211018,1855,1855,1855,1855,-
,,,,,
,,,,,
,,,,,
,,,,,
,,,,,
,,,,,
,,,,,
20211019,1855,1855,1855,1855,-
,,,,,
,,,,,
,,,,,
,,,,,
,,,,,
,,,,,
,,,,,
20211021,1855,1855,1855,1855,-
,,,,,
,,,,,
,,,,,
,,,,,
,,,,,
,,,,,
,,,,,
20211022,1855,1855,1855,1855,-
,,,,,
,,,,,
,,,,,
,,,,,
,,,,,
,,,,,
,,,,,
20211025,1855,1855,1855,1855,-
,,,,,
,,,,,
,,,,,
,,,,,
,,,,,
,,,,,
,,,,,
20211026,1855,1855,1855,1855,-
,,,,,
,,,,,
,,,,,
,,,,,
,,,,,
,,,,,
,,,,,
20211027,1855,1855,1855,1855,-
,,,,,
,,,,,
,,,,,
,,,,,
,,,,,
,,,,,
,,,,,
20211028,1855,1855,1855,1855,-
,,,,,
,,,,,
,,,,,
,,,,,
,,,,,
,,,,,
,,,,,
20211029,1855,1855,1855,1855,-
,,,,,
,,,,,
,,,,,
,,,,,
,,,,,
,,,,,
,,,,,
,,,,,
,,,,,
,,,,,
,,,,,
20211101,1855,1855,1855,1855,-
,,,,,
,,,,,
,,,,,
,,,,,
,,,,,
,,,,,
,,,,,
20211102,1855,1855,1855,1855,-
,,,,,
,,,,,
,,,,,
,,,,,
,,,,,
,,,,,
,,,,,
20211103,1780,1835,1815,1855,300
,,,,,
,,,,,
,,,,,
,,,,,
,,,,,
,,,,,
,,,,,
20211104,1815,1815,1815,1815,-
,,,,,
,,,,,
,,,,,
,,,,,
,,,,,
,,,,,
,,,,,
20211105,1815,1815,1815,1815,-
,,,,,
,,,,,
,,,,,
,,,,,
,,,,,
,,,,,
,,,,,
20211108,1815,1815,1815,1815,-
,,,,,
,,,,,
,,,,,
,,,,,
,,,,,
,,,,,
,,,,,
20211109,1815,1815,1815,1815,-
,,,,,
,,,,,
,,,,,
,,,,,
,,,,,
,,,,,
,,,,,
20211110,1815,1815,1815,1815,-
,,,,,
,,,,,
,,,,,
,,,,,
,,,,,
,,,,,
,,,,,
20211111,1815,1815,1815,1815,-
,,,,,
,,,,,
,,,,,
,,,,,
,,,,,
,,,,,
,,,,,
20211112,1815,1815,1815,1815,-
,,,,,
,,,,,
,,,,,
,,,,,
,,,,,
,,,,,
,,,,,
20211115,1815,1815,1815,1815,-
,,,,,
,,,,,
,,,,,
,,,,,
,,,,,
,,,,,
,,,,,
20211116,1815,1815,1815,1815,-
,,,,,
,,,,,
,,,,,
,,,,,
,,,,,
,,,,,
,,,,,
20211117,1815,1815,1815,1815,-
,,,,,
,,,,,
,,,,,
,,,,,
,,,,,
,,,,,
,,,,,
20211118,1930,1930,1930,1815,300
,,,,,
,,,,,
,,,,,
,,,,,
,,,,,
,,,,,
,,,,,
20211119,1930,1930,1930,1930,-
,,,,,
,,,,,
,,,,,
,,,,,
,,,,,
,,,,,
,,,,,
20211122,1930,1930,1930,1930,-
,,,,,
,,,,,
,,,,,
,,,,,
,,,,,
,,,,,
,,,,,
20211123,1930,1930,1930,1930,-
,,,,,
,,,,,
,,,,,
,,,,,
,,,,,
,,,,,
,,,,,
20211124,1930,1930,1930,1930,-
,,,,,
,,,,,
,,,,,
,,,,,
,,,,,
,,,,,
,,,,,
20211125,1930,1930,1930,1930,-
,,,,,
,,,,,
,,,,,
,,,,,
,,,,,
,,,,,
,,,,,
20211126,1930,1930,1930,1930,-
,,,,,
,,,,,
,,,,,
,,,,,
,,,,,
,,,,,
,,,,,
20211129,1930,1930,1930,1930,-
,,,,,
,,,,,
,,,,,
,,,,,
,,,,,
,,,,,
,,,,,
20211130,1875,1875,1875,1930,5300
,,,,,
,,,,,
,,,,,
,,,,,
,,,,,
,,,,,
,,,,,
,,,,,
,,,,,
,,,,,
,,,,,
20211201,1875,1875,1875,1875,-
,,,,,
,,,,,
,,,,,
,,,,,
,,,,,
,,,,,
,,,,,
20211202,1875,1875,1875,1875,-
,,,,,
,,,,,
,,,,,
,,,,,
,,,,,
,,,,,
,,,,,
20211203,1875,1875,1875,1875,-
,,,,,
,,,,,
,,,,,
,,,,,
,,,,,
,,,,,
,,,,,
20211206,1875,1875,1875,1875,-
,,,,,
,,,,,
,,,,,
,,,,,
,,,,,
,,,,,
,,,,,
20211207,1875,1875,1875,1875,-
,,,,,
,,,,,
,,,,,
,,,,,
,,,,,
,,,,,
,,,,,
20211208,1875,1875,1875,1875,-
,,,,,
,,,,,
,,,,,
,,,,,
,,,,,
,,,,,
,,,,,
20211209,1875,1875,1875,1875,-
,,,,,
,,,,,
,,,,,
,,,,,
,,,,,
,,,,,
,,,,,
20211210,1875,1875,1875,1875,-
,,,,,
,,,,,
,,,,,
,,,,,
,,,,,
,,,,,
,,,,,
20211214,1875,1875,1875,1875,-
,,,,,
,,,,,
,,,,,
,,,,,
,,,,,
,,,,,
,,,,,
20211215,1875,1875,1875,1875,-
,,,,,
,,,,,
,,,,,
,,,,,
,,,,,
,,,,,
,,,,,
20211216,1875,1875,1875,1875,-
,,,,,
,,,,,
,,,,,
,,,,,
,,,,,
,,,,,
,,,,,
20211217,1875,1875,1875,1875,-
,,,,,
,,,,,
,,,,,
,,,,,
,,,,,
,,,,,
,,,,,
20211220,1880,1880,1880,1875,5200
,,,,,
,,,,,
,,,,,
,,,,,
,,,,,
,,,,,
,,,,,
20211221,1880,1880,1880,1880,-
,,,,,
,,,,,
,,,,,
,,,,,
,,,,,
,,,,,
,,,,,
20211222,1880,1880,1880,1880,-
,,,,,
,,,,,
,,,,,
,,,,,
,,,,,
,,,,,
,,,,,
20211223,1880,1880,1880,1880,-
,,,,,
,,,,,
,,,,,
,,,,,
,,,,,
,,,,,
,,,,,
20211224,1880,1880,1880,1880,-
,,,,,
,,,,,
,,,,,
,,,,,
,,,,,
,,,,,
,,,,,
20211228,1880,1880,1880,1880,-
,,,,,
,,,,,
,,,,,
,,,,,
,,,,,
,,,,,
,,,,,
20211229,1880,1880,1880,1880,-
,,,,,
,,,,,
,,,,,
,,,,,
,,,,,
,,,,,
,,,,,
20211230,1880,1880,1880,1880,-
,,,,,
,,,,,
,,,,,
,,,,,
,,,,,
,,,,,
,,,,,
20211231,1880,1880,1880,1880,-
,,,,,
,,,,,
,,,,,
,,,,,
,,,,,
,,,,,
,,,,,
,,,,,
,,,,,
,,,,,
,,,,,
,,,,,
,,,,,
20220103,1880,1880,1880,1880,-
,,,,,
,,,,,
,,,,,
,,,,,
,,,,,
,,,,,
,,,,,
20220104,1880,1880,1880,1880,-
,,,,,
,,,,,
,,,,,
,,,,,
,,,,,
,,,,,
,,,,,
20220105,1880,1880,1880,1880,-
,,,,,
,,,,,
,,,,,
,,,,,
,,,,,
,,,,,
,,,,,
20220106,1880,1880,1880,1880,-
,,,,,
,,,,,
,,,,,
,,,,,
,,,,,
,,,,,
,,,,,
20220107,1880,1880,1880,1880,-
,,,,,
,,,,,
,,,,,
,,,,,
,,,,,
,,,,,
,,,,,
20220110,1880,1880,1880,1880,800
,,,,,
,,,,,
,,,,,
,,,,,
,,,,,
,,,,,
,,,,,
20220111,1880,1880,1880,1880,-
,,,,,
,,,,,
,,,,,
,,,,,
,,,,,
,,,,,
,,,,,
20220112,1880,1880,1880,1880,-
,,,,,
,,,,,
,,,,,
,,,,,
,,,,,
,,,,,
,,,,,
20220113,1880,1880,1880,1880,-
,,,,,
,,,,,
,,,,,
,,,,,
,,,,,
,,,,,
,,,,,
20220114,1880,1880,1880,1880,-
,,,,,
,,,,,
,,,,,
,,,,,
,,,,,
,,,,,
,,,,,
20220117,1880,1880,1880,1880,-
,,,,,
,,,,,
,,,,,
,,,,,
,,,,,
,,,,,
,,,,,
20220118,1880,1880,1880,1880,-
,,,,,
,,,,,
,,,,,
,,,,,
,,,,,
,,,,,
,,,,,
20220119,1880,1880,1880,1880,-
,,,,,
,,,,,
,,,,,
,,,,,
,,,,,
,,,,,
,,,,,
20220120,1880,1880,1880,1880,-
,,,,,
,,,,,
,,,,,
,,,,,
,,,,,
,,,,,
,,,,,
20220121,1880,1880,1880,1880,-
,,,,,
,,,,,
,,,,,
,,,,,
,,,,,
,,,,,
,,,,,
20220124,1880,1880,1880,1880,-
,,,,,
,,,,,
,,,,,
,,,,,
,,,,,
,,,,,
,,,,,
20220125,1880,1880,1880,1880,-
,,,,,
,,,,,
,,,,,
,,,,,
,,,,,
,,,,,
,,,,,
20220126,1880,1880,1880,1880,-
,,,,,
,,,,,
,,,,,
,,,,,
,,,,,
,,,,,
,,,,,
20220127,1880,1880,1880,1880,-
,,,,,
,,,,,
,,,,,
,,,,,
,,,,,
,,,,,
,,,,,
20220128,1880,1880,1880,1880,-
,,,,,
,,,,,
,,,,,
,,,,,
,,,,,
,,,,,
,,,,,
20220131,1880,1880,1880,1880,-
,,,,,
,,,,,
,,,,,
,,,,,
,,,,,
,,,,,
,,,,,
,,,,,
,,,,,
,,,,,
,,,,,
20220201,1880,1880,1880,1880,-
,,,,,
,,,,,
,,,,,
,,,,,
,,,,,
,,,,,
,,,,,
20220202,1880,1880,1880,1880,-
,,,,,
,,,,,
,,,,,
,,,,,
,,,,,
,,,,,
,,,,,
20220203,1880,1880,1880,1880,-
,,,,,
,,,,,
,,,,,
,,,,,
,,,,,
,,,,,
,,,,,
20220204,1880,1880,1880,1880,-
,,,,,
,,,,,
,,,,,
,,,,,
,,,,,
,,,,,
,,,,,
20220207,1880,1880,1880,1880,-
,,,,,
,,,,,
,,,,,
,,,,,
,,,,,
,,,,,
,,,,,
20220208,1880,1880,1880,1880,-
,,,,,
,,,,,
,,,,,
,,,,,
,,,,,
,,,,,
,,,,,
20220209,1880,1880,1880,1880,-
,,,,,
,,,,,
,,,,,
,,,,,
,,,,,
,,,,,
,,,,,
20220210,1880,1880,1880,1880,-
,,,,,
,,,,,
,,,,,
,,,,,
,,,,,
,,,,,
,,,,,
20220211,1880,1880,1880,1880,-
,,,,,
,,,,,
,,,,,
,,,,,
,,,,,
,,,,,
,,,,,
20220214,1880,1880,1880,1880,-
,,,,,
,,,,,
,,,,,
,,,,,
,,,,,
,,,,,
,,,,,
20220215,1880,1880,1880,1880,-
,,,,,
,,,,,
,,,,,
,,,,,
,,,,,
,,,,,
,,,,,
20220216,1880,1880,1880,1880,-
,,,,,
,,,,,
,,,,,
,,,,,
,,,,,
,,,,,
,,,,,
20220217,1880,1880,1880,1880,-
,,,,,
,,,,,
,,,,,
,,,,,
,,,,,
,,,,,
,,,,,
20220218,1880,1880,1880,1880,-
,,,,,
,,,,,
,,,,,
,,,,,
,,,,,
,,,,,
,,,,,
20220221,1880,1880,1880,1880,-
,,,,,
,,,,,
,,,,,
,,,,,
,,,,,
,,,,,
,,,,,
20220222,1880,1880,1880,1880,-
,,,,,
,,,,,
,,,,,
,,,,,
,,,,,
,,,,,
,,,,,
20220223,1880,1880,1880,1880,-
,,,,,
,,,,,
,,,,,
,,,,,
,,,,,
,,,,,
,,,,,
20220224,1880,1880,1880,1880,-
,,,,,
,,,,,
,,,,,
,,,,,
,,,,,
,,,,,
,,,,,
20220225,1880,1880,1880,1880,-
,,,,,
,,,,,
,,,,,
,,,,,
,,,,,
,,,,,
,,,,,
20220228,1880,1880,1880,1880,-
,,,,,
,,,,,
,,,,,
,,,,,
,,,,,
,,,,,
,,,,,
,,,,,
,,,,,
,,,,,
,,,,,
20220301,1880,1880,1880,1880,-
,,,,,
,,,,,
,,,,,
,,,,,
,,,,,
,,,,,
,,,,,
20220302,2075,2075,2075,1880,44200
,,,,,
,,,,,
,,,,,
,,,,,
,,,,,
,,,,,
,,,,,
20220303,2075,2075,2075,2075,-
,,,,,
,,,,,
,,,,,
,,,,,
,,,,,
,,,,,
,,,,,
20220304,2075,2075,2075,2075,-
,,,,,
,,,,,
,,,,,
,,,,,
,,,,,
,,,,,
,,,,,
20220307,2075,2075,2075,2075,-
,,,,,
,,,,,
,,,,,
,,,,,
,,,,,
,,,,,
,,,,,
20220308,2075,2075,2075,2075,-
,,,,,
,,,,,
,,,,,
,,,,,
,,,,,
,,,,,
,,,,,
20220309,2075,2075,2075,2075,-
,,,,,
,,,,,
,,,,,
,,,,,
,,,,,
,,,,,
,,,,,
20220310,2075,2075,2075,2075,-
,,,,,
,,,,,
,,,,,
,,,,,
,,,,,
,,,,,
,,,,,
20220311,2075,2075,2075,2075,-
,,,,,
,,,,,
,,,,,
,,,,,
,,,,,
,,,,,
,,,,,
20220314,2075,2075,2075,2075,-
,,,,,
,,,,,
,,,,,
,,,,,
,,,,,
,,,,,
,,,,,
20220315,2035,2035,2035,2075,100
,,,,,
,,,,,
,,,,,
,,,,,
,,,,,
,,,,,
,,,,,
20220316,2035,2035,2035,2035,-
,,,,,
,,,,,
,,,,,
,,,,,
,,,,,
,,,,,
,,,,,
20220317,2035,2035,2035,2035,-
,,,,,
,,,,,
,,,,,
,,,,,
,,,,,
,,,,,
,,,,,
20220318,2035,2035,2035,2035,-
,,,,,
,,,,,
,,,,,
,,,,,
,,,,,
,,,,,
,,,,,
20220321,2035,2035,2035,2035,-
,,,,,
,,,,,
,,,,,
,,,,,
,,,,,
,,,,,
,,,,,
20220322,2035,2035,2035,2035,-
,,,,,
,,,,,
,,,,,
,,,,,
,,,,,
,,,,,
,,,,,
20220323,2035,2035,2035,2035,-
,,,,,
,,,,,
,,,,,
,,,,,
,,,,,
,,,,,
,,,,,
20220324,2035,2035,2035,2035,-
,,,,,
,,,,,
,,,,,
,,,,,
,,,,,
,,,,,
,,,,,
20220325,2035,2035,2035,2035,-
,,,,,
,,,,,
,,,,,
,,,,,
,,,,,
,,,,,
,,,,,
20220328,2035,2035,2035,2035,-
,,,,,
,,,,,
,,,,,
,,,,,
,,,,,
,,,,,
,,,,,
20220329,2035,2035,2035,2035,-
,,,,,
,,,,,
,,,,,
,,,,,
,,,,,
,,,,,
,,,,,
20220330,2035,2035,2035,2035,-
,,,,,
,,,,,
,,,,,
,,,,,
,,,,,
,,,,,
,,,,,
20220331,2035,2035,2035,2035,-
,,,,,
,,,,,
,,,,,
,,,,,
,,,,,
,,,,,
,,,,,
,,,,,
,,,,,
,,,,,
,,,,,
20220401,2035,2035,2035,2035,-
,,,,,
,,,,,
,,,,,
,,,,,
,,,,,
,,,,,
,,,,,
20220404,2035,2035,2035,2035,-
,,,,,
,,,,,
,,,,,
,,,,,
,,,,,
,,,,,
,,,,,
20220405,2035,2035,2035,2035,-
,,,,,
,,,,,
,,,,,
,,,,,
,,,,,
,,,,,
,,,,,
20220406,2035,2035,2035,2035,-
,,,,,
,,,,,
,,,,,
,,,,,
,,,,,
,,,,,
,,,,,
20220407,2040,2040,2040,2035,3100
,,,,,
,,,,,
,,,,,
,,,,,
,,,,,
,,,,,
,,,,,
20220408,2040,2040,2040,2040,-
,,,,,
,,,,,
,,,,,
,,,,,
,,,,,
,,,,,
,,,,,
20220411,2085,2085,2085,2040,100
,,,,,
,,,,,
,,,,,
,,,,,
,,,,,
,,,,,
,,,,,
20220412,2085,2085,2085,2085,-
,,,,,
,,,,,
,,,,,
,,,,,
,,,,,
,,,,,
,,,,,
20220413,2085,2085,2085,2085,-
,,,,,
,,,,,
,,,,,
,,,,,
,,,,,
,,,,,
,,,,,
20220414,2085,2085,2085,2085,-
,,,,,
,,,,,
,,,,,
,,,,,
,,,,,
,,,,,
,,,,,
20220419,2085,2085,2085,2085,-
,,,,,
,,,,,
,,,,,
,,,,,
,,,,,
,,,,,
,,,,,
20220420,2085,2085,2085,2085,-
,,,,,
,,,,,
,,,,,
,,,,,
,,,,,
,,,,,
,,,,,
20220421,2135,2135,2135,2085,100
,,,,,
,,,,,
,,,,,
,,,,,
,,,,,
,,,,,
,,,,,
20220422,2135,2135,2135,2135,-
,,,,,
,,,,,
,,,,,
,,,,,
,,,,,
,,,,,
,,,,,
20220425,2135,2135,2135,2135,-
,,,,,
,,,,,
,,,,,
,,,,,
,,,,,
,,,,,
,,,,,
20220426,2135,2135,2135,2135,-
,,,,,
,,,,,
,,,,,
,,,,,
,,,,,
,,,,,
,,,,,
20220427,2135,2135,2135,2135,-
,,,,,
,,,,,
,,,,,
,,,,,
,,,,,
,,,,,
,,,,,
20220428,2135,2135,2135,2135,-
